ISO-10303-21;
HEADER;
/* Generated by software containing ST-Developer
 * from STEP Tools, Inc. (www.steptools.com) 
 */
/* OPTION: using custom schema-name function */

FILE_DESCRIPTION(
/* description */ (''),
/* implementation_level */ '2;1');

FILE_NAME(
/* name */ '2053380004wbm000_01_214.stp',
/* time_stamp */ '2023-10-18T15:34:22+05:00',
/* author */ (''),
/* organization */ (''),
/* preprocessor_version */ 'ST-DEVELOPER v16.7',
/* originating_system */ 'SIEMENS PLM Software NX 1919',
/* authorisation */ '');

FILE_SCHEMA (('AUTOMOTIVE_DESIGN { 1 0 10303 214 3 1 1 1 }'));
ENDSEC;

DATA;
#10=SHAPE_REPRESENTATION_RELATIONSHIP('None',
'relationship between 2053380004wbm000_01-None and 2053380004wbm000_01
-None',#22,#11);
#11=ADVANCED_BREP_SHAPE_REPRESENTATION('2053380004wbm000_01-None',(#32),
#6006);
#12=SHAPE_DEFINITION_REPRESENTATION(#13,#22);
#13=PRODUCT_DEFINITION_SHAPE('','',#14);
#14=PRODUCT_DEFINITION(' ','',#16,#15);
#15=PRODUCT_DEFINITION_CONTEXT('part definition',#21,'design');
#16=PRODUCT_DEFINITION_FORMATION_WITH_SPECIFIED_SOURCE(' ',' ',#18,
 .NOT_KNOWN.);
#17=PRODUCT_RELATED_PRODUCT_CATEGORY('part','',(#18));
#18=PRODUCT('2053380004wbm000_01','2053380004wbm000_01',' ',(#19));
#19=PRODUCT_CONTEXT(' ',#21,'mechanical');
#20=APPLICATION_PROTOCOL_DEFINITION('international standard',
'automotive_design',2010,#21);
#21=APPLICATION_CONTEXT(
'core data for automotive mechanical design processes');
#22=SHAPE_REPRESENTATION('2053380004wbm000_01-None',(#3775),#6006);
#23=PRESENTATION_LAYER_ASSIGNMENT('1','Layer 1',(#32));
#24=STYLED_ITEM('',(#25),#32);
#25=PRESENTATION_STYLE_ASSIGNMENT((#26));
#26=SURFACE_STYLE_USAGE(.BOTH.,#27);
#27=SURFACE_SIDE_STYLE('',(#28));
#28=SURFACE_STYLE_FILL_AREA(#29);
#29=FILL_AREA_STYLE('',(#30));
#30=FILL_AREA_STYLE_COLOUR('',#31);
#31=COLOUR_RGB('Medium Steel',0.596063172350652,0.666666666666667,0.686259250782025);
#32=MANIFOLD_SOLID_BREP('',#33);
#33=CLOSED_SHELL('',(#96,#97,#98,#99,#100,#101,#102,#103,#104,#105,#106,
#107,#108,#109,#110,#111,#112,#113,#114,#115,#116,#117,#118,#119,#120,#121,
#122,#123,#124,#125,#126,#127,#128,#129,#130,#131,#132,#133,#134,#135,#136,
#137,#138,#139,#140,#141,#142,#143,#144,#145,#146,#147,#148,#149,#150,#151,
#152,#153,#154,#155,#156,#157,#158,#159,#160,#161,#162,#163,#164,#165,#166,
#167,#168,#169,#170,#171,#172,#173,#174,#175,#176,#177,#178,#179,#180,#181,
#182,#183,#184,#185,#186,#187,#188,#189,#190,#191,#192,#193,#194,#195,#196,
#197,#198,#199,#200,#201,#202,#203,#204,#205,#206,#207,#208,#209,#210,#211,
#212,#213,#214,#215,#216,#217,#218,#219,#220,#221,#222,#223,#224,#225,#226,
#227,#228,#229,#230,#231,#232,#233,#234,#235,#236,#237,#238,#239,#240,#241,
#242,#243,#244,#245,#246,#247,#248,#249,#250,#251,#252,#253,#254,#255,#256,
#257,#258,#259,#260,#261,#262,#263,#264,#265,#266,#267,#268,#269,#270,#271,
#272,#273));
#34=CYLINDRICAL_SURFACE('',#3841,0.3);
#35=CYLINDRICAL_SURFACE('',#3859,0.3);
#36=CYLINDRICAL_SURFACE('',#3877,0.3);
#37=CYLINDRICAL_SURFACE('',#3895,0.3);
#38=CYLINDRICAL_SURFACE('',#3909,0.18);
#39=CYLINDRICAL_SURFACE('',#3916,0.18);
#40=CYLINDRICAL_SURFACE('',#3918,0.43);
#41=CYLINDRICAL_SURFACE('',#3924,0.18);
#42=CYLINDRICAL_SURFACE('',#3926,0.4);
#43=CYLINDRICAL_SURFACE('',#3930,0.18);
#44=CYLINDRICAL_SURFACE('',#3933,0.43);
#45=CYLINDRICAL_SURFACE('',#3954,0.18);
#46=CYLINDRICAL_SURFACE('',#3962,0.18);
#47=CYLINDRICAL_SURFACE('',#3965,0.18);
#48=CYLINDRICAL_SURFACE('',#3967,0.43);
#49=CYLINDRICAL_SURFACE('',#3970,0.43);
#50=CYLINDRICAL_SURFACE('',#3974,0.4);
#51=CYLINDRICAL_SURFACE('',#3978,0.18);
#52=CIRCLE('',#3832,0.3);
#53=CIRCLE('',#3834,0.3);
#54=CIRCLE('',#3850,0.3);
#55=CIRCLE('',#3852,0.3);
#56=CIRCLE('',#3868,0.3);
#57=CIRCLE('',#3870,0.3);
#58=CIRCLE('',#3886,0.3);
#59=CIRCLE('',#3888,0.3);
#60=CIRCLE('',#3904,0.18);
#61=CIRCLE('',#3905,0.4);
#62=CIRCLE('',#3906,0.18);
#63=CIRCLE('',#3908,0.18);
#64=CIRCLE('',#3910,0.43);
#65=CIRCLE('',#3911,0.18);
#66=CIRCLE('',#3912,0.4);
#67=CIRCLE('',#3913,0.18);
#68=CIRCLE('',#3915,0.18);
#69=CIRCLE('',#3917,0.43);
#70=CIRCLE('',#3922,0.18);
#71=CIRCLE('',#3923,0.18);
#72=CIRCLE('',#3925,0.4);
#73=CIRCLE('',#3931,0.43);
#74=CIRCLE('',#3932,0.43);
#75=CIRCLE('',#3949,0.18);
#76=CIRCLE('',#3950,0.4);
#77=CIRCLE('',#3951,0.18);
#78=CIRCLE('',#3953,0.18);
#79=CIRCLE('',#3955,0.18);
#80=CIRCLE('',#3956,0.4);
#81=CIRCLE('',#3957,0.18);
#82=CIRCLE('',#3958,0.43);
#83=CIRCLE('',#3961,0.18);
#84=CIRCLE('',#3963,0.18);
#85=CIRCLE('',#3964,0.18);
#86=CIRCLE('',#3966,0.43);
#87=CIRCLE('',#3968,0.43);
#88=CIRCLE('',#3969,0.43);
#89=CIRCLE('',#3973,0.4);
#90=FACE_BOUND('',#612,.T.);
#91=FACE_BOUND('',#613,.T.);
#92=FACE_BOUND('',#638,.T.);
#93=FACE_BOUND('',#639,.T.);
#94=FACE_BOUND('',#641,.T.);
#95=FACE_BOUND('',#642,.T.);
#96=ADVANCED_FACE('',(#434),#274,.F.);
#97=ADVANCED_FACE('',(#435),#275,.T.);
#98=ADVANCED_FACE('',(#436),#276,.F.);
#99=ADVANCED_FACE('',(#90,#91),#277,.F.);
#100=ADVANCED_FACE('',(#437),#278,.T.);
#101=ADVANCED_FACE('',(#438),#279,.F.);
#102=ADVANCED_FACE('',(#439),#280,.F.);
#103=ADVANCED_FACE('',(#440),#281,.F.);
#104=ADVANCED_FACE('',(#441),#282,.T.);
#105=ADVANCED_FACE('',(#442),#283,.F.);
#106=ADVANCED_FACE('',(#443),#284,.F.);
#107=ADVANCED_FACE('',(#444),#285,.F.);
#108=ADVANCED_FACE('',(#445),#286,.F.);
#109=ADVANCED_FACE('',(#446),#287,.F.);
#110=ADVANCED_FACE('',(#447),#288,.F.);
#111=ADVANCED_FACE('',(#448),#289,.F.);
#112=ADVANCED_FACE('',(#449),#290,.F.);
#113=ADVANCED_FACE('',(#450),#291,.F.);
#114=ADVANCED_FACE('',(#451),#292,.F.);
#115=ADVANCED_FACE('',(#452),#293,.F.);
#116=ADVANCED_FACE('',(#453),#294,.F.);
#117=ADVANCED_FACE('',(#454),#295,.T.);
#118=ADVANCED_FACE('',(#455),#296,.T.);
#119=ADVANCED_FACE('',(#456),#297,.T.);
#120=ADVANCED_FACE('',(#457),#298,.T.);
#121=ADVANCED_FACE('',(#458),#299,.F.);
#122=ADVANCED_FACE('',(#459),#300,.F.);
#123=ADVANCED_FACE('',(#460),#301,.F.);
#124=ADVANCED_FACE('',(#92,#93),#302,.T.);
#125=ADVANCED_FACE('',(#461),#303,.F.);
#126=ADVANCED_FACE('',(#94,#95),#304,.F.);
#127=ADVANCED_FACE('',(#462),#305,.F.);
#128=ADVANCED_FACE('',(#463),#306,.F.);
#129=ADVANCED_FACE('',(#464),#307,.F.);
#130=ADVANCED_FACE('',(#465),#308,.F.);
#131=ADVANCED_FACE('',(#466),#309,.F.);
#132=ADVANCED_FACE('',(#467),#310,.F.);
#133=ADVANCED_FACE('',(#468),#311,.F.);
#134=ADVANCED_FACE('',(#469),#312,.F.);
#135=ADVANCED_FACE('',(#470),#313,.F.);
#136=ADVANCED_FACE('',(#471),#314,.F.);
#137=ADVANCED_FACE('',(#472),#315,.F.);
#138=ADVANCED_FACE('',(#473),#316,.F.);
#139=ADVANCED_FACE('',(#474),#317,.T.);
#140=ADVANCED_FACE('',(#475),#318,.F.);
#141=ADVANCED_FACE('',(#476),#319,.F.);
#142=ADVANCED_FACE('',(#477),#320,.T.);
#143=ADVANCED_FACE('',(#478),#321,.F.);
#144=ADVANCED_FACE('',(#479),#322,.F.);
#145=ADVANCED_FACE('',(#480),#323,.T.);
#146=ADVANCED_FACE('',(#481),#324,.F.);
#147=ADVANCED_FACE('',(#482),#325,.F.);
#148=ADVANCED_FACE('',(#483),#326,.F.);
#149=ADVANCED_FACE('',(#484),#327,.F.);
#150=ADVANCED_FACE('',(#485),#328,.F.);
#151=ADVANCED_FACE('',(#486),#329,.T.);
#152=ADVANCED_FACE('',(#487),#330,.T.);
#153=ADVANCED_FACE('',(#488),#331,.F.);
#154=ADVANCED_FACE('',(#489),#332,.F.);
#155=ADVANCED_FACE('',(#490),#333,.F.);
#156=ADVANCED_FACE('',(#491),#334,.F.);
#157=ADVANCED_FACE('',(#492),#335,.F.);
#158=ADVANCED_FACE('',(#493),#336,.F.);
#159=ADVANCED_FACE('',(#494),#34,.F.);
#160=ADVANCED_FACE('',(#495),#337,.F.);
#161=ADVANCED_FACE('',(#496),#338,.F.);
#162=ADVANCED_FACE('',(#497),#339,.T.);
#163=ADVANCED_FACE('',(#498),#340,.T.);
#164=ADVANCED_FACE('',(#499),#341,.F.);
#165=ADVANCED_FACE('',(#500),#342,.F.);
#166=ADVANCED_FACE('',(#501),#343,.F.);
#167=ADVANCED_FACE('',(#502),#344,.T.);
#168=ADVANCED_FACE('',(#503),#345,.T.);
#169=ADVANCED_FACE('',(#504),#346,.F.);
#170=ADVANCED_FACE('',(#505),#347,.F.);
#171=ADVANCED_FACE('',(#506),#348,.F.);
#172=ADVANCED_FACE('',(#507),#349,.F.);
#173=ADVANCED_FACE('',(#508),#350,.F.);
#174=ADVANCED_FACE('',(#509),#351,.F.);
#175=ADVANCED_FACE('',(#510),#35,.F.);
#176=ADVANCED_FACE('',(#511),#352,.F.);
#177=ADVANCED_FACE('',(#512),#353,.F.);
#178=ADVANCED_FACE('',(#513),#354,.T.);
#179=ADVANCED_FACE('',(#514),#355,.T.);
#180=ADVANCED_FACE('',(#515),#356,.F.);
#181=ADVANCED_FACE('',(#516),#357,.F.);
#182=ADVANCED_FACE('',(#517),#358,.F.);
#183=ADVANCED_FACE('',(#518),#359,.T.);
#184=ADVANCED_FACE('',(#519),#360,.T.);
#185=ADVANCED_FACE('',(#520),#361,.F.);
#186=ADVANCED_FACE('',(#521),#362,.F.);
#187=ADVANCED_FACE('',(#522),#363,.F.);
#188=ADVANCED_FACE('',(#523),#364,.F.);
#189=ADVANCED_FACE('',(#524),#365,.F.);
#190=ADVANCED_FACE('',(#525),#366,.F.);
#191=ADVANCED_FACE('',(#526),#36,.F.);
#192=ADVANCED_FACE('',(#527),#367,.F.);
#193=ADVANCED_FACE('',(#528),#368,.F.);
#194=ADVANCED_FACE('',(#529),#369,.T.);
#195=ADVANCED_FACE('',(#530),#370,.T.);
#196=ADVANCED_FACE('',(#531),#371,.F.);
#197=ADVANCED_FACE('',(#532),#372,.F.);
#198=ADVANCED_FACE('',(#533),#373,.F.);
#199=ADVANCED_FACE('',(#534),#374,.T.);
#200=ADVANCED_FACE('',(#535),#375,.T.);
#201=ADVANCED_FACE('',(#536),#376,.F.);
#202=ADVANCED_FACE('',(#537),#377,.F.);
#203=ADVANCED_FACE('',(#538),#378,.F.);
#204=ADVANCED_FACE('',(#539),#379,.F.);
#205=ADVANCED_FACE('',(#540),#380,.F.);
#206=ADVANCED_FACE('',(#541),#381,.F.);
#207=ADVANCED_FACE('',(#542),#37,.F.);
#208=ADVANCED_FACE('',(#543),#382,.F.);
#209=ADVANCED_FACE('',(#544),#383,.F.);
#210=ADVANCED_FACE('',(#545),#384,.T.);
#211=ADVANCED_FACE('',(#546),#385,.T.);
#212=ADVANCED_FACE('',(#547),#386,.T.);
#213=ADVANCED_FACE('',(#548),#387,.T.);
#214=ADVANCED_FACE('',(#549),#388,.T.);
#215=ADVANCED_FACE('',(#550),#389,.T.);
#216=ADVANCED_FACE('',(#551),#390,.T.);
#217=ADVANCED_FACE('',(#552),#38,.F.);
#218=ADVANCED_FACE('',(#553),#391,.F.);
#219=ADVANCED_FACE('',(#554),#39,.F.);
#220=ADVANCED_FACE('',(#555),#40,.T.);
#221=ADVANCED_FACE('',(#556),#392,.T.);
#222=ADVANCED_FACE('',(#557),#393,.T.);
#223=ADVANCED_FACE('',(#558),#394,.T.);
#224=ADVANCED_FACE('',(#559),#41,.F.);
#225=ADVANCED_FACE('',(#560),#42,.T.);
#226=ADVANCED_FACE('',(#561),#395,.T.);
#227=ADVANCED_FACE('',(#562),#396,.T.);
#228=ADVANCED_FACE('',(#563),#397,.T.);
#229=ADVANCED_FACE('',(#564),#43,.F.);
#230=ADVANCED_FACE('',(#565),#44,.T.);
#231=ADVANCED_FACE('',(#566),#398,.T.);
#232=ADVANCED_FACE('',(#567),#399,.T.);
#233=ADVANCED_FACE('',(#568),#400,.T.);
#234=ADVANCED_FACE('',(#569),#401,.T.);
#235=ADVANCED_FACE('',(#570),#402,.T.);
#236=ADVANCED_FACE('',(#571),#403,.T.);
#237=ADVANCED_FACE('',(#572),#404,.F.);
#238=ADVANCED_FACE('',(#573),#405,.F.);
#239=ADVANCED_FACE('',(#574),#406,.F.);
#240=ADVANCED_FACE('',(#575),#407,.T.);
#241=ADVANCED_FACE('',(#576),#408,.F.);
#242=ADVANCED_FACE('',(#577),#409,.F.);
#243=ADVANCED_FACE('',(#578),#410,.F.);
#244=ADVANCED_FACE('',(#579),#411,.F.);
#245=ADVANCED_FACE('',(#580),#412,.F.);
#246=ADVANCED_FACE('',(#581),#413,.F.);
#247=ADVANCED_FACE('',(#582),#45,.F.);
#248=ADVANCED_FACE('',(#583),#414,.T.);
#249=ADVANCED_FACE('',(#584),#415,.F.);
#250=ADVANCED_FACE('',(#585),#46,.F.);
#251=ADVANCED_FACE('',(#586),#47,.F.);
#252=ADVANCED_FACE('',(#587),#48,.T.);
#253=ADVANCED_FACE('',(#588),#49,.T.);
#254=ADVANCED_FACE('',(#589),#416,.F.);
#255=ADVANCED_FACE('',(#590),#417,.F.);
#256=ADVANCED_FACE('',(#591),#50,.T.);
#257=ADVANCED_FACE('',(#592),#418,.F.);
#258=ADVANCED_FACE('',(#593),#419,.F.);
#259=ADVANCED_FACE('',(#594),#420,.F.);
#260=ADVANCED_FACE('',(#595),#51,.F.);
#261=ADVANCED_FACE('',(#596),#421,.F.);
#262=ADVANCED_FACE('',(#597),#422,.F.);
#263=ADVANCED_FACE('',(#598),#423,.F.);
#264=ADVANCED_FACE('',(#599),#424,.F.);
#265=ADVANCED_FACE('',(#600),#425,.F.);
#266=ADVANCED_FACE('',(#601),#426,.T.);
#267=ADVANCED_FACE('',(#602),#427,.T.);
#268=ADVANCED_FACE('',(#603),#428,.T.);
#269=ADVANCED_FACE('',(#604),#429,.F.);
#270=ADVANCED_FACE('',(#605),#430,.F.);
#271=ADVANCED_FACE('',(#606),#431,.F.);
#272=ADVANCED_FACE('',(#607),#432,.F.);
#273=ADVANCED_FACE('',(#608),#433,.F.);
#274=PLANE('',#3776);
#275=PLANE('',#3777);
#276=PLANE('',#3778);
#277=PLANE('',#3779);
#278=PLANE('',#3780);
#279=PLANE('',#3781);
#280=PLANE('',#3782);
#281=PLANE('',#3783);
#282=PLANE('',#3784);
#283=PLANE('',#3785);
#284=PLANE('',#3786);
#285=PLANE('',#3787);
#286=PLANE('',#3788);
#287=PLANE('',#3789);
#288=PLANE('',#3790);
#289=PLANE('',#3791);
#290=PLANE('',#3792);
#291=PLANE('',#3793);
#292=PLANE('',#3794);
#293=PLANE('',#3795);
#294=PLANE('',#3796);
#295=PLANE('',#3797);
#296=PLANE('',#3798);
#297=PLANE('',#3799);
#298=PLANE('',#3800);
#299=PLANE('',#3801);
#300=PLANE('',#3802);
#301=PLANE('',#3803);
#302=PLANE('',#3804);
#303=PLANE('',#3805);
#304=PLANE('',#3806);
#305=PLANE('',#3807);
#306=PLANE('',#3808);
#307=PLANE('',#3809);
#308=PLANE('',#3810);
#309=PLANE('',#3811);
#310=PLANE('',#3812);
#311=PLANE('',#3813);
#312=PLANE('',#3814);
#313=PLANE('',#3815);
#314=PLANE('',#3816);
#315=PLANE('',#3817);
#316=PLANE('',#3818);
#317=PLANE('',#3819);
#318=PLANE('',#3820);
#319=PLANE('',#3821);
#320=PLANE('',#3822);
#321=PLANE('',#3823);
#322=PLANE('',#3824);
#323=PLANE('',#3825);
#324=PLANE('',#3826);
#325=PLANE('',#3827);
#326=PLANE('',#3828);
#327=PLANE('',#3829);
#328=PLANE('',#3830);
#329=PLANE('',#3831);
#330=PLANE('',#3833);
#331=PLANE('',#3835);
#332=PLANE('',#3836);
#333=PLANE('',#3837);
#334=PLANE('',#3838);
#335=PLANE('',#3839);
#336=PLANE('',#3840);
#337=PLANE('',#3842);
#338=PLANE('',#3843);
#339=PLANE('',#3844);
#340=PLANE('',#3845);
#341=PLANE('',#3846);
#342=PLANE('',#3847);
#343=PLANE('',#3848);
#344=PLANE('',#3849);
#345=PLANE('',#3851);
#346=PLANE('',#3853);
#347=PLANE('',#3854);
#348=PLANE('',#3855);
#349=PLANE('',#3856);
#350=PLANE('',#3857);
#351=PLANE('',#3858);
#352=PLANE('',#3860);
#353=PLANE('',#3861);
#354=PLANE('',#3862);
#355=PLANE('',#3863);
#356=PLANE('',#3864);
#357=PLANE('',#3865);
#358=PLANE('',#3866);
#359=PLANE('',#3867);
#360=PLANE('',#3869);
#361=PLANE('',#3871);
#362=PLANE('',#3872);
#363=PLANE('',#3873);
#364=PLANE('',#3874);
#365=PLANE('',#3875);
#366=PLANE('',#3876);
#367=PLANE('',#3878);
#368=PLANE('',#3879);
#369=PLANE('',#3880);
#370=PLANE('',#3881);
#371=PLANE('',#3882);
#372=PLANE('',#3883);
#373=PLANE('',#3884);
#374=PLANE('',#3885);
#375=PLANE('',#3887);
#376=PLANE('',#3889);
#377=PLANE('',#3890);
#378=PLANE('',#3891);
#379=PLANE('',#3892);
#380=PLANE('',#3893);
#381=PLANE('',#3894);
#382=PLANE('',#3896);
#383=PLANE('',#3897);
#384=PLANE('',#3898);
#385=PLANE('',#3899);
#386=PLANE('',#3900);
#387=PLANE('',#3901);
#388=PLANE('',#3902);
#389=PLANE('',#3903);
#390=PLANE('',#3907);
#391=PLANE('',#3914);
#392=PLANE('',#3919);
#393=PLANE('',#3920);
#394=PLANE('',#3921);
#395=PLANE('',#3927);
#396=PLANE('',#3928);
#397=PLANE('',#3929);
#398=PLANE('',#3934);
#399=PLANE('',#3935);
#400=PLANE('',#3936);
#401=PLANE('',#3937);
#402=PLANE('',#3938);
#403=PLANE('',#3939);
#404=PLANE('',#3940);
#405=PLANE('',#3941);
#406=PLANE('',#3942);
#407=PLANE('',#3943);
#408=PLANE('',#3944);
#409=PLANE('',#3945);
#410=PLANE('',#3946);
#411=PLANE('',#3947);
#412=PLANE('',#3948);
#413=PLANE('',#3952);
#414=PLANE('',#3959);
#415=PLANE('',#3960);
#416=PLANE('',#3971);
#417=PLANE('',#3972);
#418=PLANE('',#3975);
#419=PLANE('',#3976);
#420=PLANE('',#3977);
#421=PLANE('',#3979);
#422=PLANE('',#3980);
#423=PLANE('',#3981);
#424=PLANE('',#3982);
#425=PLANE('',#3983);
#426=PLANE('',#3984);
#427=PLANE('',#3985);
#428=PLANE('',#3986);
#429=PLANE('',#3987);
#430=PLANE('',#3988);
#431=PLANE('',#3989);
#432=PLANE('',#3990);
#433=PLANE('',#3991);
#434=FACE_OUTER_BOUND('',#609,.T.);
#435=FACE_OUTER_BOUND('',#610,.T.);
#436=FACE_OUTER_BOUND('',#611,.T.);
#437=FACE_OUTER_BOUND('',#614,.T.);
#438=FACE_OUTER_BOUND('',#615,.T.);
#439=FACE_OUTER_BOUND('',#616,.T.);
#440=FACE_OUTER_BOUND('',#617,.T.);
#441=FACE_OUTER_BOUND('',#618,.T.);
#442=FACE_OUTER_BOUND('',#619,.T.);
#443=FACE_OUTER_BOUND('',#620,.T.);
#444=FACE_OUTER_BOUND('',#621,.T.);
#445=FACE_OUTER_BOUND('',#622,.T.);
#446=FACE_OUTER_BOUND('',#623,.T.);
#447=FACE_OUTER_BOUND('',#624,.T.);
#448=FACE_OUTER_BOUND('',#625,.T.);
#449=FACE_OUTER_BOUND('',#626,.T.);
#450=FACE_OUTER_BOUND('',#627,.T.);
#451=FACE_OUTER_BOUND('',#628,.T.);
#452=FACE_OUTER_BOUND('',#629,.T.);
#453=FACE_OUTER_BOUND('',#630,.T.);
#454=FACE_OUTER_BOUND('',#631,.T.);
#455=FACE_OUTER_BOUND('',#632,.T.);
#456=FACE_OUTER_BOUND('',#633,.T.);
#457=FACE_OUTER_BOUND('',#634,.T.);
#458=FACE_OUTER_BOUND('',#635,.T.);
#459=FACE_OUTER_BOUND('',#636,.T.);
#460=FACE_OUTER_BOUND('',#637,.T.);
#461=FACE_OUTER_BOUND('',#640,.T.);
#462=FACE_OUTER_BOUND('',#643,.T.);
#463=FACE_OUTER_BOUND('',#644,.T.);
#464=FACE_OUTER_BOUND('',#645,.T.);
#465=FACE_OUTER_BOUND('',#646,.T.);
#466=FACE_OUTER_BOUND('',#647,.T.);
#467=FACE_OUTER_BOUND('',#648,.T.);
#468=FACE_OUTER_BOUND('',#649,.T.);
#469=FACE_OUTER_BOUND('',#650,.T.);
#470=FACE_OUTER_BOUND('',#651,.T.);
#471=FACE_OUTER_BOUND('',#652,.T.);
#472=FACE_OUTER_BOUND('',#653,.T.);
#473=FACE_OUTER_BOUND('',#654,.T.);
#474=FACE_OUTER_BOUND('',#655,.T.);
#475=FACE_OUTER_BOUND('',#656,.T.);
#476=FACE_OUTER_BOUND('',#657,.T.);
#477=FACE_OUTER_BOUND('',#658,.T.);
#478=FACE_OUTER_BOUND('',#659,.T.);
#479=FACE_OUTER_BOUND('',#660,.T.);
#480=FACE_OUTER_BOUND('',#661,.T.);
#481=FACE_OUTER_BOUND('',#662,.T.);
#482=FACE_OUTER_BOUND('',#663,.T.);
#483=FACE_OUTER_BOUND('',#664,.T.);
#484=FACE_OUTER_BOUND('',#665,.T.);
#485=FACE_OUTER_BOUND('',#666,.T.);
#486=FACE_OUTER_BOUND('',#667,.T.);
#487=FACE_OUTER_BOUND('',#668,.T.);
#488=FACE_OUTER_BOUND('',#669,.T.);
#489=FACE_OUTER_BOUND('',#670,.T.);
#490=FACE_OUTER_BOUND('',#671,.T.);
#491=FACE_OUTER_BOUND('',#672,.T.);
#492=FACE_OUTER_BOUND('',#673,.T.);
#493=FACE_OUTER_BOUND('',#674,.T.);
#494=FACE_OUTER_BOUND('',#675,.T.);
#495=FACE_OUTER_BOUND('',#676,.T.);
#496=FACE_OUTER_BOUND('',#677,.T.);
#497=FACE_OUTER_BOUND('',#678,.T.);
#498=FACE_OUTER_BOUND('',#679,.T.);
#499=FACE_OUTER_BOUND('',#680,.T.);
#500=FACE_OUTER_BOUND('',#681,.T.);
#501=FACE_OUTER_BOUND('',#682,.T.);
#502=FACE_OUTER_BOUND('',#683,.T.);
#503=FACE_OUTER_BOUND('',#684,.T.);
#504=FACE_OUTER_BOUND('',#685,.T.);
#505=FACE_OUTER_BOUND('',#686,.T.);
#506=FACE_OUTER_BOUND('',#687,.T.);
#507=FACE_OUTER_BOUND('',#688,.T.);
#508=FACE_OUTER_BOUND('',#689,.T.);
#509=FACE_OUTER_BOUND('',#690,.T.);
#510=FACE_OUTER_BOUND('',#691,.T.);
#511=FACE_OUTER_BOUND('',#692,.T.);
#512=FACE_OUTER_BOUND('',#693,.T.);
#513=FACE_OUTER_BOUND('',#694,.T.);
#514=FACE_OUTER_BOUND('',#695,.T.);
#515=FACE_OUTER_BOUND('',#696,.T.);
#516=FACE_OUTER_BOUND('',#697,.T.);
#517=FACE_OUTER_BOUND('',#698,.T.);
#518=FACE_OUTER_BOUND('',#699,.T.);
#519=FACE_OUTER_BOUND('',#700,.T.);
#520=FACE_OUTER_BOUND('',#701,.T.);
#521=FACE_OUTER_BOUND('',#702,.T.);
#522=FACE_OUTER_BOUND('',#703,.T.);
#523=FACE_OUTER_BOUND('',#704,.T.);
#524=FACE_OUTER_BOUND('',#705,.T.);
#525=FACE_OUTER_BOUND('',#706,.T.);
#526=FACE_OUTER_BOUND('',#707,.T.);
#527=FACE_OUTER_BOUND('',#708,.T.);
#528=FACE_OUTER_BOUND('',#709,.T.);
#529=FACE_OUTER_BOUND('',#710,.T.);
#530=FACE_OUTER_BOUND('',#711,.T.);
#531=FACE_OUTER_BOUND('',#712,.T.);
#532=FACE_OUTER_BOUND('',#713,.T.);
#533=FACE_OUTER_BOUND('',#714,.T.);
#534=FACE_OUTER_BOUND('',#715,.T.);
#535=FACE_OUTER_BOUND('',#716,.T.);
#536=FACE_OUTER_BOUND('',#717,.T.);
#537=FACE_OUTER_BOUND('',#718,.T.);
#538=FACE_OUTER_BOUND('',#719,.T.);
#539=FACE_OUTER_BOUND('',#720,.T.);
#540=FACE_OUTER_BOUND('',#721,.T.);
#541=FACE_OUTER_BOUND('',#722,.T.);
#542=FACE_OUTER_BOUND('',#723,.T.);
#543=FACE_OUTER_BOUND('',#724,.T.);
#544=FACE_OUTER_BOUND('',#725,.T.);
#545=FACE_OUTER_BOUND('',#726,.T.);
#546=FACE_OUTER_BOUND('',#727,.T.);
#547=FACE_OUTER_BOUND('',#728,.T.);
#548=FACE_OUTER_BOUND('',#729,.T.);
#549=FACE_OUTER_BOUND('',#730,.T.);
#550=FACE_OUTER_BOUND('',#731,.T.);
#551=FACE_OUTER_BOUND('',#732,.T.);
#552=FACE_OUTER_BOUND('',#733,.T.);
#553=FACE_OUTER_BOUND('',#734,.T.);
#554=FACE_OUTER_BOUND('',#735,.T.);
#555=FACE_OUTER_BOUND('',#736,.T.);
#556=FACE_OUTER_BOUND('',#737,.T.);
#557=FACE_OUTER_BOUND('',#738,.T.);
#558=FACE_OUTER_BOUND('',#739,.T.);
#559=FACE_OUTER_BOUND('',#740,.T.);
#560=FACE_OUTER_BOUND('',#741,.T.);
#561=FACE_OUTER_BOUND('',#742,.T.);
#562=FACE_OUTER_BOUND('',#743,.T.);
#563=FACE_OUTER_BOUND('',#744,.T.);
#564=FACE_OUTER_BOUND('',#745,.T.);
#565=FACE_OUTER_BOUND('',#746,.T.);
#566=FACE_OUTER_BOUND('',#747,.T.);
#567=FACE_OUTER_BOUND('',#748,.T.);
#568=FACE_OUTER_BOUND('',#749,.T.);
#569=FACE_OUTER_BOUND('',#750,.T.);
#570=FACE_OUTER_BOUND('',#751,.T.);
#571=FACE_OUTER_BOUND('',#752,.T.);
#572=FACE_OUTER_BOUND('',#753,.T.);
#573=FACE_OUTER_BOUND('',#754,.T.);
#574=FACE_OUTER_BOUND('',#755,.T.);
#575=FACE_OUTER_BOUND('',#756,.T.);
#576=FACE_OUTER_BOUND('',#757,.T.);
#577=FACE_OUTER_BOUND('',#758,.T.);
#578=FACE_OUTER_BOUND('',#759,.T.);
#579=FACE_OUTER_BOUND('',#760,.T.);
#580=FACE_OUTER_BOUND('',#761,.T.);
#581=FACE_OUTER_BOUND('',#762,.T.);
#582=FACE_OUTER_BOUND('',#763,.T.);
#583=FACE_OUTER_BOUND('',#764,.T.);
#584=FACE_OUTER_BOUND('',#765,.T.);
#585=FACE_OUTER_BOUND('',#766,.T.);
#586=FACE_OUTER_BOUND('',#767,.T.);
#587=FACE_OUTER_BOUND('',#768,.T.);
#588=FACE_OUTER_BOUND('',#769,.T.);
#589=FACE_OUTER_BOUND('',#770,.T.);
#590=FACE_OUTER_BOUND('',#771,.T.);
#591=FACE_OUTER_BOUND('',#772,.T.);
#592=FACE_OUTER_BOUND('',#773,.T.);
#593=FACE_OUTER_BOUND('',#774,.T.);
#594=FACE_OUTER_BOUND('',#775,.T.);
#595=FACE_OUTER_BOUND('',#776,.T.);
#596=FACE_OUTER_BOUND('',#777,.T.);
#597=FACE_OUTER_BOUND('',#778,.T.);
#598=FACE_OUTER_BOUND('',#779,.T.);
#599=FACE_OUTER_BOUND('',#780,.T.);
#600=FACE_OUTER_BOUND('',#781,.T.);
#601=FACE_OUTER_BOUND('',#782,.T.);
#602=FACE_OUTER_BOUND('',#783,.T.);
#603=FACE_OUTER_BOUND('',#784,.T.);
#604=FACE_OUTER_BOUND('',#785,.T.);
#605=FACE_OUTER_BOUND('',#786,.T.);
#606=FACE_OUTER_BOUND('',#787,.T.);
#607=FACE_OUTER_BOUND('',#788,.T.);
#608=FACE_OUTER_BOUND('',#789,.T.);
#609=EDGE_LOOP('',(#790,#791,#792,#793));
#610=EDGE_LOOP('',(#794,#795,#796,#797,#798,#799,#800,#801,#802,#803,#804,
#805,#806,#807,#808,#809,#810,#811,#812,#813,#814,#815,#816,#817,#818,#819,
#820,#821,#822,#823,#824,#825,#826,#827,#828,#829,#830,#831,#832,#833,#834,
#835,#836,#837,#838,#839,#840,#841,#842,#843,#844,#845,#846,#847,#848,#849,
#850,#851,#852,#853));
#611=EDGE_LOOP('',(#854,#855,#856,#857,#858,#859,#860,#861,#862,#863));
#612=EDGE_LOOP('',(#864,#865,#866,#867,#868,#869));
#613=EDGE_LOOP('',(#870,#871,#872,#873));
#614=EDGE_LOOP('',(#874,#875,#876,#877,#878,#879,#880,#881));
#615=EDGE_LOOP('',(#882,#883,#884,#885));
#616=EDGE_LOOP('',(#886,#887,#888,#889));
#617=EDGE_LOOP('',(#890,#891,#892,#893));
#618=EDGE_LOOP('',(#894,#895,#896,#897,#898,#899,#900,#901,#902,#903,#904,
#905,#906,#907,#908,#909,#910,#911,#912,#913,#914,#915,#916,#917,#918,#919,
#920,#921));
#619=EDGE_LOOP('',(#922,#923,#924,#925,#926,#927,#928,#929,#930,#931,#932,
#933,#934,#935,#936,#937,#938,#939,#940,#941));
#620=EDGE_LOOP('',(#942,#943,#944,#945,#946,#947,#948,#949,#950,#951,#952,
#953,#954,#955,#956,#957,#958,#959,#960,#961));
#621=EDGE_LOOP('',(#962,#963,#964,#965));
#622=EDGE_LOOP('',(#966,#967,#968,#969));
#623=EDGE_LOOP('',(#970,#971,#972,#973));
#624=EDGE_LOOP('',(#974,#975,#976,#977));
#625=EDGE_LOOP('',(#978,#979,#980,#981));
#626=EDGE_LOOP('',(#982,#983,#984,#985));
#627=EDGE_LOOP('',(#986,#987,#988,#989));
#628=EDGE_LOOP('',(#990,#991,#992,#993,#994,#995,#996,#997));
#629=EDGE_LOOP('',(#998,#999,#1000,#1001,#1002,#1003,#1004,#1005));
#630=EDGE_LOOP('',(#1006,#1007,#1008,#1009));
#631=EDGE_LOOP('',(#1010,#1011,#1012,#1013,#1014,#1015));
#632=EDGE_LOOP('',(#1016,#1017,#1018,#1019,#1020,#1021));
#633=EDGE_LOOP('',(#1022,#1023,#1024,#1025,#1026,#1027));
#634=EDGE_LOOP('',(#1028,#1029,#1030,#1031,#1032,#1033));
#635=EDGE_LOOP('',(#1034,#1035,#1036,#1037,#1038,#1039,#1040,#1041,#1042,
#1043));
#636=EDGE_LOOP('',(#1044,#1045,#1046,#1047,#1048,#1049));
#637=EDGE_LOOP('',(#1050,#1051,#1052,#1053,#1054,#1055,#1056,#1057));
#638=EDGE_LOOP('',(#1058,#1059,#1060));
#639=EDGE_LOOP('',(#1061,#1062,#1063,#1064,#1065,#1066,#1067,#1068,#1069,
#1070,#1071,#1072));
#640=EDGE_LOOP('',(#1073,#1074,#1075,#1076,#1077,#1078));
#641=EDGE_LOOP('',(#1079,#1080,#1081,#1082));
#642=EDGE_LOOP('',(#1083,#1084,#1085,#1086,#1087,#1088));
#643=EDGE_LOOP('',(#1089,#1090,#1091,#1092,#1093,#1094,#1095,#1096));
#644=EDGE_LOOP('',(#1097,#1098,#1099,#1100,#1101,#1102,#1103,#1104));
#645=EDGE_LOOP('',(#1105,#1106,#1107,#1108));
#646=EDGE_LOOP('',(#1109,#1110,#1111,#1112));
#647=EDGE_LOOP('',(#1113,#1114,#1115,#1116));
#648=EDGE_LOOP('',(#1117,#1118,#1119,#1120));
#649=EDGE_LOOP('',(#1121,#1122,#1123,#1124));
#650=EDGE_LOOP('',(#1125,#1126,#1127,#1128));
#651=EDGE_LOOP('',(#1129,#1130,#1131,#1132));
#652=EDGE_LOOP('',(#1133,#1134,#1135,#1136));
#653=EDGE_LOOP('',(#1137,#1138,#1139,#1140));
#654=EDGE_LOOP('',(#1141,#1142,#1143,#1144));
#655=EDGE_LOOP('',(#1145,#1146,#1147,#1148));
#656=EDGE_LOOP('',(#1149,#1150,#1151,#1152));
#657=EDGE_LOOP('',(#1153,#1154,#1155,#1156));
#658=EDGE_LOOP('',(#1157,#1158,#1159,#1160));
#659=EDGE_LOOP('',(#1161,#1162,#1163,#1164,#1165,#1166));
#660=EDGE_LOOP('',(#1167,#1168,#1169,#1170,#1171,#1172));
#661=EDGE_LOOP('',(#1173,#1174,#1175,#1176,#1177,#1178,#1179,#1180));
#662=EDGE_LOOP('',(#1181,#1182,#1183,#1184));
#663=EDGE_LOOP('',(#1185,#1186,#1187,#1188));
#664=EDGE_LOOP('',(#1189,#1190,#1191,#1192,#1193));
#665=EDGE_LOOP('',(#1194,#1195,#1196,#1197,#1198));
#666=EDGE_LOOP('',(#1199,#1200,#1201,#1202));
#667=EDGE_LOOP('',(#1203,#1204,#1205,#1206));
#668=EDGE_LOOP('',(#1207,#1208,#1209,#1210,#1211,#1212,#1213,#1214));
#669=EDGE_LOOP('',(#1215,#1216,#1217,#1218,#1219,#1220,#1221,#1222));
#670=EDGE_LOOP('',(#1223,#1224,#1225,#1226));
#671=EDGE_LOOP('',(#1227,#1228,#1229,#1230));
#672=EDGE_LOOP('',(#1231,#1232,#1233,#1234));
#673=EDGE_LOOP('',(#1235,#1236,#1237,#1238));
#674=EDGE_LOOP('',(#1239,#1240,#1241,#1242));
#675=EDGE_LOOP('',(#1243,#1244,#1245,#1246));
#676=EDGE_LOOP('',(#1247,#1248,#1249,#1250,#1251,#1252));
#677=EDGE_LOOP('',(#1253,#1254,#1255,#1256));
#678=EDGE_LOOP('',(#1257,#1258,#1259,#1260));
#679=EDGE_LOOP('',(#1261,#1262,#1263,#1264));
#680=EDGE_LOOP('',(#1265,#1266,#1267,#1268,#1269));
#681=EDGE_LOOP('',(#1270,#1271,#1272,#1273,#1274));
#682=EDGE_LOOP('',(#1275,#1276,#1277,#1278));
#683=EDGE_LOOP('',(#1279,#1280,#1281,#1282));
#684=EDGE_LOOP('',(#1283,#1284,#1285,#1286,#1287,#1288,#1289,#1290));
#685=EDGE_LOOP('',(#1291,#1292,#1293,#1294,#1295,#1296,#1297,#1298));
#686=EDGE_LOOP('',(#1299,#1300,#1301,#1302));
#687=EDGE_LOOP('',(#1303,#1304,#1305,#1306));
#688=EDGE_LOOP('',(#1307,#1308,#1309,#1310));
#689=EDGE_LOOP('',(#1311,#1312,#1313,#1314));
#690=EDGE_LOOP('',(#1315,#1316,#1317,#1318));
#691=EDGE_LOOP('',(#1319,#1320,#1321,#1322));
#692=EDGE_LOOP('',(#1323,#1324,#1325,#1326,#1327,#1328));
#693=EDGE_LOOP('',(#1329,#1330,#1331,#1332));
#694=EDGE_LOOP('',(#1333,#1334,#1335,#1336));
#695=EDGE_LOOP('',(#1337,#1338,#1339,#1340));
#696=EDGE_LOOP('',(#1341,#1342,#1343,#1344,#1345));
#697=EDGE_LOOP('',(#1346,#1347,#1348,#1349,#1350));
#698=EDGE_LOOP('',(#1351,#1352,#1353,#1354));
#699=EDGE_LOOP('',(#1355,#1356,#1357,#1358));
#700=EDGE_LOOP('',(#1359,#1360,#1361,#1362,#1363,#1364,#1365,#1366));
#701=EDGE_LOOP('',(#1367,#1368,#1369,#1370,#1371,#1372,#1373,#1374));
#702=EDGE_LOOP('',(#1375,#1376,#1377,#1378));
#703=EDGE_LOOP('',(#1379,#1380,#1381,#1382));
#704=EDGE_LOOP('',(#1383,#1384,#1385,#1386));
#705=EDGE_LOOP('',(#1387,#1388,#1389,#1390));
#706=EDGE_LOOP('',(#1391,#1392,#1393,#1394));
#707=EDGE_LOOP('',(#1395,#1396,#1397,#1398));
#708=EDGE_LOOP('',(#1399,#1400,#1401,#1402,#1403,#1404));
#709=EDGE_LOOP('',(#1405,#1406,#1407,#1408));
#710=EDGE_LOOP('',(#1409,#1410,#1411,#1412));
#711=EDGE_LOOP('',(#1413,#1414,#1415,#1416));
#712=EDGE_LOOP('',(#1417,#1418,#1419,#1420,#1421));
#713=EDGE_LOOP('',(#1422,#1423,#1424,#1425,#1426));
#714=EDGE_LOOP('',(#1427,#1428,#1429,#1430));
#715=EDGE_LOOP('',(#1431,#1432,#1433,#1434));
#716=EDGE_LOOP('',(#1435,#1436,#1437,#1438,#1439,#1440,#1441,#1442));
#717=EDGE_LOOP('',(#1443,#1444,#1445,#1446,#1447,#1448,#1449,#1450));
#718=EDGE_LOOP('',(#1451,#1452,#1453,#1454));
#719=EDGE_LOOP('',(#1455,#1456,#1457,#1458));
#720=EDGE_LOOP('',(#1459,#1460,#1461,#1462));
#721=EDGE_LOOP('',(#1463,#1464,#1465,#1466));
#722=EDGE_LOOP('',(#1467,#1468,#1469,#1470));
#723=EDGE_LOOP('',(#1471,#1472,#1473,#1474));
#724=EDGE_LOOP('',(#1475,#1476,#1477,#1478,#1479,#1480));
#725=EDGE_LOOP('',(#1481,#1482,#1483,#1484));
#726=EDGE_LOOP('',(#1485,#1486,#1487,#1488));
#727=EDGE_LOOP('',(#1489,#1490,#1491,#1492));
#728=EDGE_LOOP('',(#1493,#1494,#1495,#1496,#1497,#1498,#1499,#1500,#1501,
#1502,#1503,#1504,#1505,#1506,#1507,#1508,#1509,#1510));
#729=EDGE_LOOP('',(#1511,#1512,#1513,#1514,#1515,#1516,#1517,#1518,#1519,
#1520,#1521,#1522,#1523,#1524,#1525,#1526,#1527,#1528));
#730=EDGE_LOOP('',(#1529,#1530,#1531,#1532));
#731=EDGE_LOOP('',(#1533,#1534,#1535,#1536));
#732=EDGE_LOOP('',(#1537,#1538,#1539,#1540,#1541,#1542,#1543,#1544,#1545,
#1546));
#733=EDGE_LOOP('',(#1547,#1548,#1549,#1550));
#734=EDGE_LOOP('',(#1551,#1552,#1553,#1554,#1555,#1556,#1557,#1558,#1559,
#1560,#1561,#1562,#1563,#1564,#1565));
#735=EDGE_LOOP('',(#1566,#1567,#1568,#1569));
#736=EDGE_LOOP('',(#1570,#1571,#1572,#1573));
#737=EDGE_LOOP('',(#1574,#1575,#1576,#1577,#1578,#1579,#1580,#1581));
#738=EDGE_LOOP('',(#1582,#1583,#1584,#1585));
#739=EDGE_LOOP('',(#1586,#1587,#1588,#1589,#1590,#1591,#1592,#1593));
#740=EDGE_LOOP('',(#1594,#1595,#1596,#1597));
#741=EDGE_LOOP('',(#1598,#1599,#1600,#1601,#1602));
#742=EDGE_LOOP('',(#1603,#1604,#1605,#1606));
#743=EDGE_LOOP('',(#1607,#1608,#1609,#1610));
#744=EDGE_LOOP('',(#1611,#1612,#1613,#1614));
#745=EDGE_LOOP('',(#1615,#1616,#1617,#1618));
#746=EDGE_LOOP('',(#1619,#1620,#1621,#1622));
#747=EDGE_LOOP('',(#1623,#1624,#1625,#1626,#1627,#1628,#1629,#1630));
#748=EDGE_LOOP('',(#1631,#1632,#1633,#1634,#1635));
#749=EDGE_LOOP('',(#1636,#1637,#1638,#1639));
#750=EDGE_LOOP('',(#1640,#1641,#1642,#1643));
#751=EDGE_LOOP('',(#1644,#1645,#1646));
#752=EDGE_LOOP('',(#1647,#1648,#1649,#1650));
#753=EDGE_LOOP('',(#1651,#1652,#1653,#1654,#1655,#1656,#1657,#1658));
#754=EDGE_LOOP('',(#1659,#1660,#1661,#1662));
#755=EDGE_LOOP('',(#1663,#1664,#1665,#1666,#1667,#1668,#1669,#1670));
#756=EDGE_LOOP('',(#1671,#1672,#1673,#1674));
#757=EDGE_LOOP('',(#1675,#1676,#1677,#1678,#1679));
#758=EDGE_LOOP('',(#1680,#1681,#1682,#1683,#1684,#1685,#1686,#1687,#1688,
#1689,#1690,#1691,#1692,#1693,#1694,#1695,#1696,#1697));
#759=EDGE_LOOP('',(#1698,#1699,#1700,#1701,#1702,#1703,#1704,#1705,#1706,
#1707,#1708,#1709,#1710,#1711,#1712,#1713,#1714,#1715));
#760=EDGE_LOOP('',(#1716,#1717,#1718,#1719));
#761=EDGE_LOOP('',(#1720,#1721,#1722,#1723));
#762=EDGE_LOOP('',(#1724,#1725,#1726,#1727,#1728,#1729,#1730,#1731,#1732,
#1733));
#763=EDGE_LOOP('',(#1734,#1735,#1736,#1737));
#764=EDGE_LOOP('',(#1738,#1739,#1740,#1741,#1742,#1743,#1744,#1745,#1746,
#1747,#1748,#1749,#1750,#1751,#1752));
#765=EDGE_LOOP('',(#1753,#1754,#1755,#1756,#1757,#1758,#1759,#1760));
#766=EDGE_LOOP('',(#1761,#1762,#1763,#1764));
#767=EDGE_LOOP('',(#1765,#1766,#1767,#1768));
#768=EDGE_LOOP('',(#1769,#1770,#1771,#1772));
#769=EDGE_LOOP('',(#1773,#1774,#1775,#1776));
#770=EDGE_LOOP('',(#1777,#1778,#1779,#1780,#1781,#1782,#1783,#1784));
#771=EDGE_LOOP('',(#1785,#1786,#1787,#1788));
#772=EDGE_LOOP('',(#1789,#1790,#1791,#1792,#1793));
#773=EDGE_LOOP('',(#1794,#1795,#1796,#1797));
#774=EDGE_LOOP('',(#1798,#1799,#1800,#1801));
#775=EDGE_LOOP('',(#1802,#1803,#1804,#1805));
#776=EDGE_LOOP('',(#1806,#1807,#1808,#1809));
#777=EDGE_LOOP('',(#1810,#1811,#1812,#1813,#1814,#1815,#1816,#1817));
#778=EDGE_LOOP('',(#1818,#1819,#1820));
#779=EDGE_LOOP('',(#1821,#1822,#1823,#1824));
#780=EDGE_LOOP('',(#1825,#1826,#1827,#1828));
#781=EDGE_LOOP('',(#1829,#1830,#1831,#1832));
#782=EDGE_LOOP('',(#1833,#1834,#1835,#1836));
#783=EDGE_LOOP('',(#1837,#1838,#1839,#1840,#1841,#1842,#1843,#1844));
#784=EDGE_LOOP('',(#1845,#1846,#1847,#1848,#1849,#1850,#1851,#1852));
#785=EDGE_LOOP('',(#1853,#1854,#1855,#1856));
#786=EDGE_LOOP('',(#1857,#1858,#1859,#1860));
#787=EDGE_LOOP('',(#1861,#1862,#1863,#1864));
#788=EDGE_LOOP('',(#1865,#1866,#1867,#1868));
#789=EDGE_LOOP('',(#1869,#1870,#1871));
#790=ORIENTED_EDGE('',*,*,#2228,.T.);
#791=ORIENTED_EDGE('',*,*,#2229,.T.);
#792=ORIENTED_EDGE('',*,*,#2230,.F.);
#793=ORIENTED_EDGE('',*,*,#2231,.T.);
#794=ORIENTED_EDGE('',*,*,#2232,.T.);
#795=ORIENTED_EDGE('',*,*,#2233,.T.);
#796=ORIENTED_EDGE('',*,*,#2231,.F.);
#797=ORIENTED_EDGE('',*,*,#2234,.F.);
#798=ORIENTED_EDGE('',*,*,#2235,.F.);
#799=ORIENTED_EDGE('',*,*,#2236,.F.);
#800=ORIENTED_EDGE('',*,*,#2237,.F.);
#801=ORIENTED_EDGE('',*,*,#2238,.F.);
#802=ORIENTED_EDGE('',*,*,#2239,.T.);
#803=ORIENTED_EDGE('',*,*,#2240,.T.);
#804=ORIENTED_EDGE('',*,*,#2241,.T.);
#805=ORIENTED_EDGE('',*,*,#2242,.T.);
#806=ORIENTED_EDGE('',*,*,#2243,.T.);
#807=ORIENTED_EDGE('',*,*,#2244,.F.);
#808=ORIENTED_EDGE('',*,*,#2245,.F.);
#809=ORIENTED_EDGE('',*,*,#2246,.F.);
#810=ORIENTED_EDGE('',*,*,#2247,.T.);
#811=ORIENTED_EDGE('',*,*,#2248,.T.);
#812=ORIENTED_EDGE('',*,*,#2249,.T.);
#813=ORIENTED_EDGE('',*,*,#2250,.T.);
#814=ORIENTED_EDGE('',*,*,#2251,.T.);
#815=ORIENTED_EDGE('',*,*,#2252,.F.);
#816=ORIENTED_EDGE('',*,*,#2253,.F.);
#817=ORIENTED_EDGE('',*,*,#2254,.F.);
#818=ORIENTED_EDGE('',*,*,#2255,.T.);
#819=ORIENTED_EDGE('',*,*,#2256,.T.);
#820=ORIENTED_EDGE('',*,*,#2257,.T.);
#821=ORIENTED_EDGE('',*,*,#2258,.T.);
#822=ORIENTED_EDGE('',*,*,#2259,.T.);
#823=ORIENTED_EDGE('',*,*,#2260,.F.);
#824=ORIENTED_EDGE('',*,*,#2261,.F.);
#825=ORIENTED_EDGE('',*,*,#2262,.F.);
#826=ORIENTED_EDGE('',*,*,#2263,.T.);
#827=ORIENTED_EDGE('',*,*,#2264,.T.);
#828=ORIENTED_EDGE('',*,*,#2265,.T.);
#829=ORIENTED_EDGE('',*,*,#2266,.T.);
#830=ORIENTED_EDGE('',*,*,#2267,.T.);
#831=ORIENTED_EDGE('',*,*,#2268,.F.);
#832=ORIENTED_EDGE('',*,*,#2269,.F.);
#833=ORIENTED_EDGE('',*,*,#2270,.F.);
#834=ORIENTED_EDGE('',*,*,#2271,.F.);
#835=ORIENTED_EDGE('',*,*,#2272,.F.);
#836=ORIENTED_EDGE('',*,*,#2273,.F.);
#837=ORIENTED_EDGE('',*,*,#2274,.F.);
#838=ORIENTED_EDGE('',*,*,#2275,.F.);
#839=ORIENTED_EDGE('',*,*,#2276,.F.);
#840=ORIENTED_EDGE('',*,*,#2277,.F.);
#841=ORIENTED_EDGE('',*,*,#2278,.F.);
#842=ORIENTED_EDGE('',*,*,#2279,.F.);
#843=ORIENTED_EDGE('',*,*,#2280,.T.);
#844=ORIENTED_EDGE('',*,*,#2281,.T.);
#845=ORIENTED_EDGE('',*,*,#2282,.F.);
#846=ORIENTED_EDGE('',*,*,#2283,.F.);
#847=ORIENTED_EDGE('',*,*,#2284,.F.);
#848=ORIENTED_EDGE('',*,*,#2285,.T.);
#849=ORIENTED_EDGE('',*,*,#2286,.T.);
#850=ORIENTED_EDGE('',*,*,#2287,.F.);
#851=ORIENTED_EDGE('',*,*,#2288,.F.);
#852=ORIENTED_EDGE('',*,*,#2289,.F.);
#853=ORIENTED_EDGE('',*,*,#2290,.T.);
#854=ORIENTED_EDGE('',*,*,#2291,.F.);
#855=ORIENTED_EDGE('',*,*,#2292,.T.);
#856=ORIENTED_EDGE('',*,*,#2293,.F.);
#857=ORIENTED_EDGE('',*,*,#2294,.F.);
#858=ORIENTED_EDGE('',*,*,#2288,.T.);
#859=ORIENTED_EDGE('',*,*,#2295,.F.);
#860=ORIENTED_EDGE('',*,*,#2296,.T.);
#861=ORIENTED_EDGE('',*,*,#2297,.T.);
#862=ORIENTED_EDGE('',*,*,#2298,.T.);
#863=ORIENTED_EDGE('',*,*,#2299,.F.);
#864=ORIENTED_EDGE('',*,*,#2287,.T.);
#865=ORIENTED_EDGE('',*,*,#2300,.T.);
#866=ORIENTED_EDGE('',*,*,#2301,.T.);
#867=ORIENTED_EDGE('',*,*,#2302,.F.);
#868=ORIENTED_EDGE('',*,*,#2303,.T.);
#869=ORIENTED_EDGE('',*,*,#2295,.T.);
#870=ORIENTED_EDGE('',*,*,#2304,.F.);
#871=ORIENTED_EDGE('',*,*,#2305,.F.);
#872=ORIENTED_EDGE('',*,*,#2306,.F.);
#873=ORIENTED_EDGE('',*,*,#2307,.F.);
#874=ORIENTED_EDGE('',*,*,#2292,.F.);
#875=ORIENTED_EDGE('',*,*,#2308,.T.);
#876=ORIENTED_EDGE('',*,*,#2309,.T.);
#877=ORIENTED_EDGE('',*,*,#2310,.F.);
#878=ORIENTED_EDGE('',*,*,#2297,.F.);
#879=ORIENTED_EDGE('',*,*,#2311,.F.);
#880=ORIENTED_EDGE('',*,*,#2312,.F.);
#881=ORIENTED_EDGE('',*,*,#2313,.F.);
#882=ORIENTED_EDGE('',*,*,#2314,.T.);
#883=ORIENTED_EDGE('',*,*,#2315,.T.);
#884=ORIENTED_EDGE('',*,*,#2316,.F.);
#885=ORIENTED_EDGE('',*,*,#2277,.T.);
#886=ORIENTED_EDGE('',*,*,#2317,.F.);
#887=ORIENTED_EDGE('',*,*,#2318,.T.);
#888=ORIENTED_EDGE('',*,*,#2319,.T.);
#889=ORIENTED_EDGE('',*,*,#2243,.F.);
#890=ORIENTED_EDGE('',*,*,#2320,.F.);
#891=ORIENTED_EDGE('',*,*,#2321,.F.);
#892=ORIENTED_EDGE('',*,*,#2322,.T.);
#893=ORIENTED_EDGE('',*,*,#2241,.F.);
#894=ORIENTED_EDGE('',*,*,#2323,.T.);
#895=ORIENTED_EDGE('',*,*,#2324,.T.);
#896=ORIENTED_EDGE('',*,*,#2325,.T.);
#897=ORIENTED_EDGE('',*,*,#2326,.F.);
#898=ORIENTED_EDGE('',*,*,#2327,.T.);
#899=ORIENTED_EDGE('',*,*,#2328,.T.);
#900=ORIENTED_EDGE('',*,*,#2329,.T.);
#901=ORIENTED_EDGE('',*,*,#2330,.F.);
#902=ORIENTED_EDGE('',*,*,#2331,.T.);
#903=ORIENTED_EDGE('',*,*,#2332,.T.);
#904=ORIENTED_EDGE('',*,*,#2333,.T.);
#905=ORIENTED_EDGE('',*,*,#2334,.F.);
#906=ORIENTED_EDGE('',*,*,#2335,.T.);
#907=ORIENTED_EDGE('',*,*,#2336,.T.);
#908=ORIENTED_EDGE('',*,*,#2337,.T.);
#909=ORIENTED_EDGE('',*,*,#2338,.T.);
#910=ORIENTED_EDGE('',*,*,#2339,.F.);
#911=ORIENTED_EDGE('',*,*,#2340,.F.);
#912=ORIENTED_EDGE('',*,*,#2341,.F.);
#913=ORIENTED_EDGE('',*,*,#2342,.F.);
#914=ORIENTED_EDGE('',*,*,#2343,.F.);
#915=ORIENTED_EDGE('',*,*,#2344,.F.);
#916=ORIENTED_EDGE('',*,*,#2345,.F.);
#917=ORIENTED_EDGE('',*,*,#2346,.F.);
#918=ORIENTED_EDGE('',*,*,#2347,.F.);
#919=ORIENTED_EDGE('',*,*,#2348,.F.);
#920=ORIENTED_EDGE('',*,*,#2349,.T.);
#921=ORIENTED_EDGE('',*,*,#2350,.F.);
#922=ORIENTED_EDGE('',*,*,#2351,.F.);
#923=ORIENTED_EDGE('',*,*,#2352,.F.);
#924=ORIENTED_EDGE('',*,*,#2353,.T.);
#925=ORIENTED_EDGE('',*,*,#2349,.F.);
#926=ORIENTED_EDGE('',*,*,#2354,.F.);
#927=ORIENTED_EDGE('',*,*,#2355,.F.);
#928=ORIENTED_EDGE('',*,*,#2356,.F.);
#929=ORIENTED_EDGE('',*,*,#2337,.F.);
#930=ORIENTED_EDGE('',*,*,#2357,.F.);
#931=ORIENTED_EDGE('',*,*,#2358,.F.);
#932=ORIENTED_EDGE('',*,*,#2359,.T.);
#933=ORIENTED_EDGE('',*,*,#2333,.F.);
#934=ORIENTED_EDGE('',*,*,#2360,.F.);
#935=ORIENTED_EDGE('',*,*,#2361,.F.);
#936=ORIENTED_EDGE('',*,*,#2362,.T.);
#937=ORIENTED_EDGE('',*,*,#2329,.F.);
#938=ORIENTED_EDGE('',*,*,#2363,.F.);
#939=ORIENTED_EDGE('',*,*,#2364,.F.);
#940=ORIENTED_EDGE('',*,*,#2365,.T.);
#941=ORIENTED_EDGE('',*,*,#2325,.F.);
#942=ORIENTED_EDGE('',*,*,#2366,.F.);
#943=ORIENTED_EDGE('',*,*,#2367,.F.);
#944=ORIENTED_EDGE('',*,*,#2368,.T.);
#945=ORIENTED_EDGE('',*,*,#2237,.T.);
#946=ORIENTED_EDGE('',*,*,#2369,.F.);
#947=ORIENTED_EDGE('',*,*,#2370,.T.);
#948=ORIENTED_EDGE('',*,*,#2371,.T.);
#949=ORIENTED_EDGE('',*,*,#2269,.T.);
#950=ORIENTED_EDGE('',*,*,#2372,.F.);
#951=ORIENTED_EDGE('',*,*,#2373,.F.);
#952=ORIENTED_EDGE('',*,*,#2374,.T.);
#953=ORIENTED_EDGE('',*,*,#2261,.T.);
#954=ORIENTED_EDGE('',*,*,#2375,.F.);
#955=ORIENTED_EDGE('',*,*,#2376,.F.);
#956=ORIENTED_EDGE('',*,*,#2377,.T.);
#957=ORIENTED_EDGE('',*,*,#2253,.T.);
#958=ORIENTED_EDGE('',*,*,#2378,.F.);
#959=ORIENTED_EDGE('',*,*,#2379,.F.);
#960=ORIENTED_EDGE('',*,*,#2380,.T.);
#961=ORIENTED_EDGE('',*,*,#2245,.T.);
#962=ORIENTED_EDGE('',*,*,#2381,.F.);
#963=ORIENTED_EDGE('',*,*,#2382,.T.);
#964=ORIENTED_EDGE('',*,*,#2383,.T.);
#965=ORIENTED_EDGE('',*,*,#2251,.F.);
#966=ORIENTED_EDGE('',*,*,#2384,.F.);
#967=ORIENTED_EDGE('',*,*,#2385,.F.);
#968=ORIENTED_EDGE('',*,*,#2386,.T.);
#969=ORIENTED_EDGE('',*,*,#2249,.F.);
#970=ORIENTED_EDGE('',*,*,#2387,.F.);
#971=ORIENTED_EDGE('',*,*,#2388,.T.);
#972=ORIENTED_EDGE('',*,*,#2389,.T.);
#973=ORIENTED_EDGE('',*,*,#2259,.F.);
#974=ORIENTED_EDGE('',*,*,#2390,.F.);
#975=ORIENTED_EDGE('',*,*,#2391,.F.);
#976=ORIENTED_EDGE('',*,*,#2392,.T.);
#977=ORIENTED_EDGE('',*,*,#2257,.F.);
#978=ORIENTED_EDGE('',*,*,#2393,.F.);
#979=ORIENTED_EDGE('',*,*,#2394,.T.);
#980=ORIENTED_EDGE('',*,*,#2395,.T.);
#981=ORIENTED_EDGE('',*,*,#2267,.F.);
#982=ORIENTED_EDGE('',*,*,#2396,.F.);
#983=ORIENTED_EDGE('',*,*,#2397,.F.);
#984=ORIENTED_EDGE('',*,*,#2398,.T.);
#985=ORIENTED_EDGE('',*,*,#2265,.F.);
#986=ORIENTED_EDGE('',*,*,#2399,.F.);
#987=ORIENTED_EDGE('',*,*,#2271,.T.);
#988=ORIENTED_EDGE('',*,*,#2400,.F.);
#989=ORIENTED_EDGE('',*,*,#2401,.F.);
#990=ORIENTED_EDGE('',*,*,#2402,.F.);
#991=ORIENTED_EDGE('',*,*,#2403,.F.);
#992=ORIENTED_EDGE('',*,*,#2339,.T.);
#993=ORIENTED_EDGE('',*,*,#2404,.F.);
#994=ORIENTED_EDGE('',*,*,#2405,.T.);
#995=ORIENTED_EDGE('',*,*,#2406,.F.);
#996=ORIENTED_EDGE('',*,*,#2315,.F.);
#997=ORIENTED_EDGE('',*,*,#2407,.F.);
#998=ORIENTED_EDGE('',*,*,#2408,.F.);
#999=ORIENTED_EDGE('',*,*,#2293,.T.);
#1000=ORIENTED_EDGE('',*,*,#2313,.T.);
#1001=ORIENTED_EDGE('',*,*,#2409,.T.);
#1002=ORIENTED_EDGE('',*,*,#2347,.T.);
#1003=ORIENTED_EDGE('',*,*,#2410,.T.);
#1004=ORIENTED_EDGE('',*,*,#2229,.F.);
#1005=ORIENTED_EDGE('',*,*,#2411,.F.);
#1006=ORIENTED_EDGE('',*,*,#2235,.T.);
#1007=ORIENTED_EDGE('',*,*,#2412,.F.);
#1008=ORIENTED_EDGE('',*,*,#2413,.F.);
#1009=ORIENTED_EDGE('',*,*,#2414,.T.);
#1010=ORIENTED_EDGE('',*,*,#2409,.F.);
#1011=ORIENTED_EDGE('',*,*,#2312,.T.);
#1012=ORIENTED_EDGE('',*,*,#2415,.F.);
#1013=ORIENTED_EDGE('',*,*,#2416,.F.);
#1014=ORIENTED_EDGE('',*,*,#2354,.T.);
#1015=ORIENTED_EDGE('',*,*,#2348,.T.);
#1016=ORIENTED_EDGE('',*,*,#2417,.F.);
#1017=ORIENTED_EDGE('',*,*,#2418,.T.);
#1018=ORIENTED_EDGE('',*,*,#2404,.T.);
#1019=ORIENTED_EDGE('',*,*,#2338,.F.);
#1020=ORIENTED_EDGE('',*,*,#2356,.T.);
#1021=ORIENTED_EDGE('',*,*,#2419,.T.);
#1022=ORIENTED_EDGE('',*,*,#2420,.F.);
#1023=ORIENTED_EDGE('',*,*,#2421,.T.);
#1024=ORIENTED_EDGE('',*,*,#2417,.T.);
#1025=ORIENTED_EDGE('',*,*,#2422,.T.);
#1026=ORIENTED_EDGE('',*,*,#2423,.F.);
#1027=ORIENTED_EDGE('',*,*,#2424,.F.);
#1028=ORIENTED_EDGE('',*,*,#2415,.T.);
#1029=ORIENTED_EDGE('',*,*,#2311,.T.);
#1030=ORIENTED_EDGE('',*,*,#2296,.F.);
#1031=ORIENTED_EDGE('',*,*,#2303,.F.);
#1032=ORIENTED_EDGE('',*,*,#2425,.F.);
#1033=ORIENTED_EDGE('',*,*,#2426,.T.);
#1034=ORIENTED_EDGE('',*,*,#2427,.T.);
#1035=ORIENTED_EDGE('',*,*,#2428,.T.);
#1036=ORIENTED_EDGE('',*,*,#2429,.T.);
#1037=ORIENTED_EDGE('',*,*,#2430,.F.);
#1038=ORIENTED_EDGE('',*,*,#2431,.T.);
#1039=ORIENTED_EDGE('',*,*,#2420,.T.);
#1040=ORIENTED_EDGE('',*,*,#2432,.T.);
#1041=ORIENTED_EDGE('',*,*,#2278,.T.);
#1042=ORIENTED_EDGE('',*,*,#2316,.T.);
#1043=ORIENTED_EDGE('',*,*,#2406,.T.);
#1044=ORIENTED_EDGE('',*,*,#2371,.F.);
#1045=ORIENTED_EDGE('',*,*,#2433,.T.);
#1046=ORIENTED_EDGE('',*,*,#2342,.T.);
#1047=ORIENTED_EDGE('',*,*,#2434,.F.);
#1048=ORIENTED_EDGE('',*,*,#2400,.T.);
#1049=ORIENTED_EDGE('',*,*,#2270,.T.);
#1050=ORIENTED_EDGE('',*,*,#2435,.F.);
#1051=ORIENTED_EDGE('',*,*,#2436,.T.);
#1052=ORIENTED_EDGE('',*,*,#2283,.T.);
#1053=ORIENTED_EDGE('',*,*,#2437,.F.);
#1054=ORIENTED_EDGE('',*,*,#2438,.F.);
#1055=ORIENTED_EDGE('',*,*,#2439,.F.);
#1056=ORIENTED_EDGE('',*,*,#2440,.F.);
#1057=ORIENTED_EDGE('',*,*,#2441,.F.);
#1058=ORIENTED_EDGE('',*,*,#2442,.F.);
#1059=ORIENTED_EDGE('',*,*,#2443,.F.);
#1060=ORIENTED_EDGE('',*,*,#2444,.F.);
#1061=ORIENTED_EDGE('',*,*,#2445,.F.);
#1062=ORIENTED_EDGE('',*,*,#2446,.F.);
#1063=ORIENTED_EDGE('',*,*,#2447,.F.);
#1064=ORIENTED_EDGE('',*,*,#2448,.F.);
#1065=ORIENTED_EDGE('',*,*,#2449,.F.);
#1066=ORIENTED_EDGE('',*,*,#2450,.F.);
#1067=ORIENTED_EDGE('',*,*,#2451,.F.);
#1068=ORIENTED_EDGE('',*,*,#2422,.F.);
#1069=ORIENTED_EDGE('',*,*,#2419,.F.);
#1070=ORIENTED_EDGE('',*,*,#2355,.T.);
#1071=ORIENTED_EDGE('',*,*,#2416,.T.);
#1072=ORIENTED_EDGE('',*,*,#2426,.F.);
#1073=ORIENTED_EDGE('',*,*,#2236,.T.);
#1074=ORIENTED_EDGE('',*,*,#2414,.F.);
#1075=ORIENTED_EDGE('',*,*,#2452,.T.);
#1076=ORIENTED_EDGE('',*,*,#2344,.T.);
#1077=ORIENTED_EDGE('',*,*,#2453,.F.);
#1078=ORIENTED_EDGE('',*,*,#2369,.T.);
#1079=ORIENTED_EDGE('',*,*,#2454,.T.);
#1080=ORIENTED_EDGE('',*,*,#2455,.T.);
#1081=ORIENTED_EDGE('',*,*,#2456,.T.);
#1082=ORIENTED_EDGE('',*,*,#2457,.T.);
#1083=ORIENTED_EDGE('',*,*,#2458,.T.);
#1084=ORIENTED_EDGE('',*,*,#2459,.T.);
#1085=ORIENTED_EDGE('',*,*,#2460,.F.);
#1086=ORIENTED_EDGE('',*,*,#2279,.T.);
#1087=ORIENTED_EDGE('',*,*,#2432,.F.);
#1088=ORIENTED_EDGE('',*,*,#2424,.T.);
#1089=ORIENTED_EDGE('',*,*,#2423,.T.);
#1090=ORIENTED_EDGE('',*,*,#2451,.T.);
#1091=ORIENTED_EDGE('',*,*,#2461,.F.);
#1092=ORIENTED_EDGE('',*,*,#2437,.T.);
#1093=ORIENTED_EDGE('',*,*,#2282,.T.);
#1094=ORIENTED_EDGE('',*,*,#2462,.T.);
#1095=ORIENTED_EDGE('',*,*,#2463,.T.);
#1096=ORIENTED_EDGE('',*,*,#2458,.F.);
#1097=ORIENTED_EDGE('',*,*,#2425,.T.);
#1098=ORIENTED_EDGE('',*,*,#2302,.T.);
#1099=ORIENTED_EDGE('',*,*,#2464,.T.);
#1100=ORIENTED_EDGE('',*,*,#2465,.F.);
#1101=ORIENTED_EDGE('',*,*,#2284,.T.);
#1102=ORIENTED_EDGE('',*,*,#2436,.F.);
#1103=ORIENTED_EDGE('',*,*,#2466,.T.);
#1104=ORIENTED_EDGE('',*,*,#2445,.T.);
#1105=ORIENTED_EDGE('',*,*,#2438,.T.);
#1106=ORIENTED_EDGE('',*,*,#2461,.T.);
#1107=ORIENTED_EDGE('',*,*,#2450,.T.);
#1108=ORIENTED_EDGE('',*,*,#2467,.T.);
#1109=ORIENTED_EDGE('',*,*,#2439,.T.);
#1110=ORIENTED_EDGE('',*,*,#2467,.F.);
#1111=ORIENTED_EDGE('',*,*,#2449,.T.);
#1112=ORIENTED_EDGE('',*,*,#2468,.T.);
#1113=ORIENTED_EDGE('',*,*,#2440,.T.);
#1114=ORIENTED_EDGE('',*,*,#2468,.F.);
#1115=ORIENTED_EDGE('',*,*,#2448,.T.);
#1116=ORIENTED_EDGE('',*,*,#2469,.T.);
#1117=ORIENTED_EDGE('',*,*,#2441,.T.);
#1118=ORIENTED_EDGE('',*,*,#2469,.F.);
#1119=ORIENTED_EDGE('',*,*,#2447,.T.);
#1120=ORIENTED_EDGE('',*,*,#2470,.T.);
#1121=ORIENTED_EDGE('',*,*,#2435,.T.);
#1122=ORIENTED_EDGE('',*,*,#2470,.F.);
#1123=ORIENTED_EDGE('',*,*,#2446,.T.);
#1124=ORIENTED_EDGE('',*,*,#2466,.F.);
#1125=ORIENTED_EDGE('',*,*,#2453,.T.);
#1126=ORIENTED_EDGE('',*,*,#2343,.T.);
#1127=ORIENTED_EDGE('',*,*,#2433,.F.);
#1128=ORIENTED_EDGE('',*,*,#2370,.F.);
#1129=ORIENTED_EDGE('',*,*,#2413,.T.);
#1130=ORIENTED_EDGE('',*,*,#2471,.T.);
#1131=ORIENTED_EDGE('',*,*,#2345,.T.);
#1132=ORIENTED_EDGE('',*,*,#2452,.F.);
#1133=ORIENTED_EDGE('',*,*,#2341,.T.);
#1134=ORIENTED_EDGE('',*,*,#2472,.T.);
#1135=ORIENTED_EDGE('',*,*,#2401,.T.);
#1136=ORIENTED_EDGE('',*,*,#2434,.T.);
#1137=ORIENTED_EDGE('',*,*,#2286,.F.);
#1138=ORIENTED_EDGE('',*,*,#2473,.T.);
#1139=ORIENTED_EDGE('',*,*,#2474,.T.);
#1140=ORIENTED_EDGE('',*,*,#2300,.F.);
#1141=ORIENTED_EDGE('',*,*,#2285,.F.);
#1142=ORIENTED_EDGE('',*,*,#2465,.T.);
#1143=ORIENTED_EDGE('',*,*,#2475,.T.);
#1144=ORIENTED_EDGE('',*,*,#2473,.F.);
#1145=ORIENTED_EDGE('',*,*,#2474,.F.);
#1146=ORIENTED_EDGE('',*,*,#2475,.F.);
#1147=ORIENTED_EDGE('',*,*,#2464,.F.);
#1148=ORIENTED_EDGE('',*,*,#2301,.F.);
#1149=ORIENTED_EDGE('',*,*,#2281,.F.);
#1150=ORIENTED_EDGE('',*,*,#2476,.T.);
#1151=ORIENTED_EDGE('',*,*,#2477,.T.);
#1152=ORIENTED_EDGE('',*,*,#2462,.F.);
#1153=ORIENTED_EDGE('',*,*,#2280,.F.);
#1154=ORIENTED_EDGE('',*,*,#2460,.T.);
#1155=ORIENTED_EDGE('',*,*,#2478,.T.);
#1156=ORIENTED_EDGE('',*,*,#2476,.F.);
#1157=ORIENTED_EDGE('',*,*,#2463,.F.);
#1158=ORIENTED_EDGE('',*,*,#2477,.F.);
#1159=ORIENTED_EDGE('',*,*,#2478,.F.);
#1160=ORIENTED_EDGE('',*,*,#2459,.F.);
#1161=ORIENTED_EDGE('',*,*,#2340,.T.);
#1162=ORIENTED_EDGE('',*,*,#2403,.T.);
#1163=ORIENTED_EDGE('',*,*,#2479,.F.);
#1164=ORIENTED_EDGE('',*,*,#2272,.T.);
#1165=ORIENTED_EDGE('',*,*,#2399,.T.);
#1166=ORIENTED_EDGE('',*,*,#2472,.F.);
#1167=ORIENTED_EDGE('',*,*,#2412,.T.);
#1168=ORIENTED_EDGE('',*,*,#2234,.T.);
#1169=ORIENTED_EDGE('',*,*,#2230,.T.);
#1170=ORIENTED_EDGE('',*,*,#2410,.F.);
#1171=ORIENTED_EDGE('',*,*,#2346,.T.);
#1172=ORIENTED_EDGE('',*,*,#2471,.F.);
#1173=ORIENTED_EDGE('',*,*,#2480,.F.);
#1174=ORIENTED_EDGE('',*,*,#2427,.F.);
#1175=ORIENTED_EDGE('',*,*,#2405,.F.);
#1176=ORIENTED_EDGE('',*,*,#2418,.F.);
#1177=ORIENTED_EDGE('',*,*,#2421,.F.);
#1178=ORIENTED_EDGE('',*,*,#2431,.F.);
#1179=ORIENTED_EDGE('',*,*,#2481,.T.);
#1180=ORIENTED_EDGE('',*,*,#2482,.F.);
#1181=ORIENTED_EDGE('',*,*,#2408,.T.);
#1182=ORIENTED_EDGE('',*,*,#2483,.F.);
#1183=ORIENTED_EDGE('',*,*,#2289,.T.);
#1184=ORIENTED_EDGE('',*,*,#2294,.T.);
#1185=ORIENTED_EDGE('',*,*,#2402,.T.);
#1186=ORIENTED_EDGE('',*,*,#2484,.F.);
#1187=ORIENTED_EDGE('',*,*,#2273,.T.);
#1188=ORIENTED_EDGE('',*,*,#2479,.T.);
#1189=ORIENTED_EDGE('',*,*,#2262,.T.);
#1190=ORIENTED_EDGE('',*,*,#2374,.F.);
#1191=ORIENTED_EDGE('',*,*,#2485,.F.);
#1192=ORIENTED_EDGE('',*,*,#2486,.T.);
#1193=ORIENTED_EDGE('',*,*,#2487,.T.);
#1194=ORIENTED_EDGE('',*,*,#2268,.T.);
#1195=ORIENTED_EDGE('',*,*,#2395,.F.);
#1196=ORIENTED_EDGE('',*,*,#2488,.F.);
#1197=ORIENTED_EDGE('',*,*,#2489,.F.);
#1198=ORIENTED_EDGE('',*,*,#2372,.T.);
#1199=ORIENTED_EDGE('',*,*,#2488,.T.);
#1200=ORIENTED_EDGE('',*,*,#2490,.T.);
#1201=ORIENTED_EDGE('',*,*,#2486,.F.);
#1202=ORIENTED_EDGE('',*,*,#2491,.F.);
#1203=ORIENTED_EDGE('',*,*,#2485,.T.);
#1204=ORIENTED_EDGE('',*,*,#2373,.T.);
#1205=ORIENTED_EDGE('',*,*,#2489,.T.);
#1206=ORIENTED_EDGE('',*,*,#2491,.T.);
#1207=ORIENTED_EDGE('',*,*,#2492,.F.);
#1208=ORIENTED_EDGE('',*,*,#2334,.T.);
#1209=ORIENTED_EDGE('',*,*,#2359,.F.);
#1210=ORIENTED_EDGE('',*,*,#2493,.F.);
#1211=ORIENTED_EDGE('',*,*,#2494,.F.);
#1212=ORIENTED_EDGE('',*,*,#2495,.F.);
#1213=ORIENTED_EDGE('',*,*,#2496,.F.);
#1214=ORIENTED_EDGE('',*,*,#2497,.F.);
#1215=ORIENTED_EDGE('',*,*,#2336,.F.);
#1216=ORIENTED_EDGE('',*,*,#2498,.T.);
#1217=ORIENTED_EDGE('',*,*,#2499,.T.);
#1218=ORIENTED_EDGE('',*,*,#2500,.T.);
#1219=ORIENTED_EDGE('',*,*,#2501,.T.);
#1220=ORIENTED_EDGE('',*,*,#2502,.T.);
#1221=ORIENTED_EDGE('',*,*,#2503,.T.);
#1222=ORIENTED_EDGE('',*,*,#2357,.T.);
#1223=ORIENTED_EDGE('',*,*,#2494,.T.);
#1224=ORIENTED_EDGE('',*,*,#2504,.F.);
#1225=ORIENTED_EDGE('',*,*,#2502,.F.);
#1226=ORIENTED_EDGE('',*,*,#2505,.T.);
#1227=ORIENTED_EDGE('',*,*,#2495,.T.);
#1228=ORIENTED_EDGE('',*,*,#2505,.F.);
#1229=ORIENTED_EDGE('',*,*,#2501,.F.);
#1230=ORIENTED_EDGE('',*,*,#2506,.T.);
#1231=ORIENTED_EDGE('',*,*,#2496,.T.);
#1232=ORIENTED_EDGE('',*,*,#2506,.F.);
#1233=ORIENTED_EDGE('',*,*,#2500,.F.);
#1234=ORIENTED_EDGE('',*,*,#2507,.T.);
#1235=ORIENTED_EDGE('',*,*,#2497,.T.);
#1236=ORIENTED_EDGE('',*,*,#2507,.F.);
#1237=ORIENTED_EDGE('',*,*,#2499,.F.);
#1238=ORIENTED_EDGE('',*,*,#2508,.T.);
#1239=ORIENTED_EDGE('',*,*,#2335,.F.);
#1240=ORIENTED_EDGE('',*,*,#2492,.T.);
#1241=ORIENTED_EDGE('',*,*,#2508,.F.);
#1242=ORIENTED_EDGE('',*,*,#2498,.F.);
#1243=ORIENTED_EDGE('',*,*,#2493,.T.);
#1244=ORIENTED_EDGE('',*,*,#2358,.T.);
#1245=ORIENTED_EDGE('',*,*,#2503,.F.);
#1246=ORIENTED_EDGE('',*,*,#2504,.T.);
#1247=ORIENTED_EDGE('',*,*,#2397,.T.);
#1248=ORIENTED_EDGE('',*,*,#2509,.T.);
#1249=ORIENTED_EDGE('',*,*,#2510,.F.);
#1250=ORIENTED_EDGE('',*,*,#2490,.F.);
#1251=ORIENTED_EDGE('',*,*,#2394,.F.);
#1252=ORIENTED_EDGE('',*,*,#2511,.T.);
#1253=ORIENTED_EDGE('',*,*,#2510,.T.);
#1254=ORIENTED_EDGE('',*,*,#2512,.T.);
#1255=ORIENTED_EDGE('',*,*,#2263,.F.);
#1256=ORIENTED_EDGE('',*,*,#2487,.F.);
#1257=ORIENTED_EDGE('',*,*,#2393,.T.);
#1258=ORIENTED_EDGE('',*,*,#2266,.F.);
#1259=ORIENTED_EDGE('',*,*,#2398,.F.);
#1260=ORIENTED_EDGE('',*,*,#2511,.F.);
#1261=ORIENTED_EDGE('',*,*,#2396,.T.);
#1262=ORIENTED_EDGE('',*,*,#2264,.F.);
#1263=ORIENTED_EDGE('',*,*,#2512,.F.);
#1264=ORIENTED_EDGE('',*,*,#2509,.F.);
#1265=ORIENTED_EDGE('',*,*,#2254,.T.);
#1266=ORIENTED_EDGE('',*,*,#2377,.F.);
#1267=ORIENTED_EDGE('',*,*,#2513,.F.);
#1268=ORIENTED_EDGE('',*,*,#2514,.T.);
#1269=ORIENTED_EDGE('',*,*,#2515,.T.);
#1270=ORIENTED_EDGE('',*,*,#2260,.T.);
#1271=ORIENTED_EDGE('',*,*,#2389,.F.);
#1272=ORIENTED_EDGE('',*,*,#2516,.F.);
#1273=ORIENTED_EDGE('',*,*,#2517,.F.);
#1274=ORIENTED_EDGE('',*,*,#2375,.T.);
#1275=ORIENTED_EDGE('',*,*,#2516,.T.);
#1276=ORIENTED_EDGE('',*,*,#2518,.T.);
#1277=ORIENTED_EDGE('',*,*,#2514,.F.);
#1278=ORIENTED_EDGE('',*,*,#2519,.F.);
#1279=ORIENTED_EDGE('',*,*,#2513,.T.);
#1280=ORIENTED_EDGE('',*,*,#2376,.T.);
#1281=ORIENTED_EDGE('',*,*,#2517,.T.);
#1282=ORIENTED_EDGE('',*,*,#2519,.T.);
#1283=ORIENTED_EDGE('',*,*,#2520,.F.);
#1284=ORIENTED_EDGE('',*,*,#2330,.T.);
#1285=ORIENTED_EDGE('',*,*,#2362,.F.);
#1286=ORIENTED_EDGE('',*,*,#2521,.F.);
#1287=ORIENTED_EDGE('',*,*,#2522,.F.);
#1288=ORIENTED_EDGE('',*,*,#2523,.F.);
#1289=ORIENTED_EDGE('',*,*,#2524,.F.);
#1290=ORIENTED_EDGE('',*,*,#2525,.F.);
#1291=ORIENTED_EDGE('',*,*,#2332,.F.);
#1292=ORIENTED_EDGE('',*,*,#2526,.T.);
#1293=ORIENTED_EDGE('',*,*,#2527,.T.);
#1294=ORIENTED_EDGE('',*,*,#2528,.T.);
#1295=ORIENTED_EDGE('',*,*,#2529,.T.);
#1296=ORIENTED_EDGE('',*,*,#2530,.T.);
#1297=ORIENTED_EDGE('',*,*,#2531,.T.);
#1298=ORIENTED_EDGE('',*,*,#2360,.T.);
#1299=ORIENTED_EDGE('',*,*,#2522,.T.);
#1300=ORIENTED_EDGE('',*,*,#2532,.F.);
#1301=ORIENTED_EDGE('',*,*,#2530,.F.);
#1302=ORIENTED_EDGE('',*,*,#2533,.T.);
#1303=ORIENTED_EDGE('',*,*,#2523,.T.);
#1304=ORIENTED_EDGE('',*,*,#2533,.F.);
#1305=ORIENTED_EDGE('',*,*,#2529,.F.);
#1306=ORIENTED_EDGE('',*,*,#2534,.T.);
#1307=ORIENTED_EDGE('',*,*,#2524,.T.);
#1308=ORIENTED_EDGE('',*,*,#2534,.F.);
#1309=ORIENTED_EDGE('',*,*,#2528,.F.);
#1310=ORIENTED_EDGE('',*,*,#2535,.T.);
#1311=ORIENTED_EDGE('',*,*,#2525,.T.);
#1312=ORIENTED_EDGE('',*,*,#2535,.F.);
#1313=ORIENTED_EDGE('',*,*,#2527,.F.);
#1314=ORIENTED_EDGE('',*,*,#2536,.T.);
#1315=ORIENTED_EDGE('',*,*,#2331,.F.);
#1316=ORIENTED_EDGE('',*,*,#2520,.T.);
#1317=ORIENTED_EDGE('',*,*,#2536,.F.);
#1318=ORIENTED_EDGE('',*,*,#2526,.F.);
#1319=ORIENTED_EDGE('',*,*,#2521,.T.);
#1320=ORIENTED_EDGE('',*,*,#2361,.T.);
#1321=ORIENTED_EDGE('',*,*,#2531,.F.);
#1322=ORIENTED_EDGE('',*,*,#2532,.T.);
#1323=ORIENTED_EDGE('',*,*,#2391,.T.);
#1324=ORIENTED_EDGE('',*,*,#2537,.T.);
#1325=ORIENTED_EDGE('',*,*,#2538,.F.);
#1326=ORIENTED_EDGE('',*,*,#2518,.F.);
#1327=ORIENTED_EDGE('',*,*,#2388,.F.);
#1328=ORIENTED_EDGE('',*,*,#2539,.T.);
#1329=ORIENTED_EDGE('',*,*,#2538,.T.);
#1330=ORIENTED_EDGE('',*,*,#2540,.T.);
#1331=ORIENTED_EDGE('',*,*,#2255,.F.);
#1332=ORIENTED_EDGE('',*,*,#2515,.F.);
#1333=ORIENTED_EDGE('',*,*,#2387,.T.);
#1334=ORIENTED_EDGE('',*,*,#2258,.F.);
#1335=ORIENTED_EDGE('',*,*,#2392,.F.);
#1336=ORIENTED_EDGE('',*,*,#2539,.F.);
#1337=ORIENTED_EDGE('',*,*,#2390,.T.);
#1338=ORIENTED_EDGE('',*,*,#2256,.F.);
#1339=ORIENTED_EDGE('',*,*,#2540,.F.);
#1340=ORIENTED_EDGE('',*,*,#2537,.F.);
#1341=ORIENTED_EDGE('',*,*,#2246,.T.);
#1342=ORIENTED_EDGE('',*,*,#2380,.F.);
#1343=ORIENTED_EDGE('',*,*,#2541,.F.);
#1344=ORIENTED_EDGE('',*,*,#2542,.T.);
#1345=ORIENTED_EDGE('',*,*,#2543,.T.);
#1346=ORIENTED_EDGE('',*,*,#2252,.T.);
#1347=ORIENTED_EDGE('',*,*,#2383,.F.);
#1348=ORIENTED_EDGE('',*,*,#2544,.F.);
#1349=ORIENTED_EDGE('',*,*,#2545,.F.);
#1350=ORIENTED_EDGE('',*,*,#2378,.T.);
#1351=ORIENTED_EDGE('',*,*,#2544,.T.);
#1352=ORIENTED_EDGE('',*,*,#2546,.T.);
#1353=ORIENTED_EDGE('',*,*,#2542,.F.);
#1354=ORIENTED_EDGE('',*,*,#2547,.F.);
#1355=ORIENTED_EDGE('',*,*,#2541,.T.);
#1356=ORIENTED_EDGE('',*,*,#2379,.T.);
#1357=ORIENTED_EDGE('',*,*,#2545,.T.);
#1358=ORIENTED_EDGE('',*,*,#2547,.T.);
#1359=ORIENTED_EDGE('',*,*,#2548,.F.);
#1360=ORIENTED_EDGE('',*,*,#2326,.T.);
#1361=ORIENTED_EDGE('',*,*,#2365,.F.);
#1362=ORIENTED_EDGE('',*,*,#2549,.F.);
#1363=ORIENTED_EDGE('',*,*,#2550,.F.);
#1364=ORIENTED_EDGE('',*,*,#2551,.F.);
#1365=ORIENTED_EDGE('',*,*,#2552,.F.);
#1366=ORIENTED_EDGE('',*,*,#2553,.F.);
#1367=ORIENTED_EDGE('',*,*,#2328,.F.);
#1368=ORIENTED_EDGE('',*,*,#2554,.T.);
#1369=ORIENTED_EDGE('',*,*,#2555,.T.);
#1370=ORIENTED_EDGE('',*,*,#2556,.T.);
#1371=ORIENTED_EDGE('',*,*,#2557,.T.);
#1372=ORIENTED_EDGE('',*,*,#2558,.T.);
#1373=ORIENTED_EDGE('',*,*,#2559,.T.);
#1374=ORIENTED_EDGE('',*,*,#2363,.T.);
#1375=ORIENTED_EDGE('',*,*,#2550,.T.);
#1376=ORIENTED_EDGE('',*,*,#2560,.F.);
#1377=ORIENTED_EDGE('',*,*,#2558,.F.);
#1378=ORIENTED_EDGE('',*,*,#2561,.T.);
#1379=ORIENTED_EDGE('',*,*,#2551,.T.);
#1380=ORIENTED_EDGE('',*,*,#2561,.F.);
#1381=ORIENTED_EDGE('',*,*,#2557,.F.);
#1382=ORIENTED_EDGE('',*,*,#2562,.T.);
#1383=ORIENTED_EDGE('',*,*,#2552,.T.);
#1384=ORIENTED_EDGE('',*,*,#2562,.F.);
#1385=ORIENTED_EDGE('',*,*,#2556,.F.);
#1386=ORIENTED_EDGE('',*,*,#2563,.T.);
#1387=ORIENTED_EDGE('',*,*,#2553,.T.);
#1388=ORIENTED_EDGE('',*,*,#2563,.F.);
#1389=ORIENTED_EDGE('',*,*,#2555,.F.);
#1390=ORIENTED_EDGE('',*,*,#2564,.T.);
#1391=ORIENTED_EDGE('',*,*,#2327,.F.);
#1392=ORIENTED_EDGE('',*,*,#2548,.T.);
#1393=ORIENTED_EDGE('',*,*,#2564,.F.);
#1394=ORIENTED_EDGE('',*,*,#2554,.F.);
#1395=ORIENTED_EDGE('',*,*,#2549,.T.);
#1396=ORIENTED_EDGE('',*,*,#2364,.T.);
#1397=ORIENTED_EDGE('',*,*,#2559,.F.);
#1398=ORIENTED_EDGE('',*,*,#2560,.T.);
#1399=ORIENTED_EDGE('',*,*,#2385,.T.);
#1400=ORIENTED_EDGE('',*,*,#2565,.T.);
#1401=ORIENTED_EDGE('',*,*,#2566,.F.);
#1402=ORIENTED_EDGE('',*,*,#2546,.F.);
#1403=ORIENTED_EDGE('',*,*,#2382,.F.);
#1404=ORIENTED_EDGE('',*,*,#2567,.T.);
#1405=ORIENTED_EDGE('',*,*,#2566,.T.);
#1406=ORIENTED_EDGE('',*,*,#2568,.T.);
#1407=ORIENTED_EDGE('',*,*,#2247,.F.);
#1408=ORIENTED_EDGE('',*,*,#2543,.F.);
#1409=ORIENTED_EDGE('',*,*,#2381,.T.);
#1410=ORIENTED_EDGE('',*,*,#2250,.F.);
#1411=ORIENTED_EDGE('',*,*,#2386,.F.);
#1412=ORIENTED_EDGE('',*,*,#2567,.F.);
#1413=ORIENTED_EDGE('',*,*,#2384,.T.);
#1414=ORIENTED_EDGE('',*,*,#2248,.F.);
#1415=ORIENTED_EDGE('',*,*,#2568,.F.);
#1416=ORIENTED_EDGE('',*,*,#2565,.F.);
#1417=ORIENTED_EDGE('',*,*,#2238,.T.);
#1418=ORIENTED_EDGE('',*,*,#2368,.F.);
#1419=ORIENTED_EDGE('',*,*,#2569,.F.);
#1420=ORIENTED_EDGE('',*,*,#2570,.T.);
#1421=ORIENTED_EDGE('',*,*,#2571,.T.);
#1422=ORIENTED_EDGE('',*,*,#2244,.T.);
#1423=ORIENTED_EDGE('',*,*,#2319,.F.);
#1424=ORIENTED_EDGE('',*,*,#2572,.F.);
#1425=ORIENTED_EDGE('',*,*,#2573,.F.);
#1426=ORIENTED_EDGE('',*,*,#2366,.T.);
#1427=ORIENTED_EDGE('',*,*,#2572,.T.);
#1428=ORIENTED_EDGE('',*,*,#2574,.T.);
#1429=ORIENTED_EDGE('',*,*,#2570,.F.);
#1430=ORIENTED_EDGE('',*,*,#2575,.F.);
#1431=ORIENTED_EDGE('',*,*,#2569,.T.);
#1432=ORIENTED_EDGE('',*,*,#2367,.T.);
#1433=ORIENTED_EDGE('',*,*,#2573,.T.);
#1434=ORIENTED_EDGE('',*,*,#2575,.T.);
#1435=ORIENTED_EDGE('',*,*,#2576,.F.);
#1436=ORIENTED_EDGE('',*,*,#2350,.T.);
#1437=ORIENTED_EDGE('',*,*,#2353,.F.);
#1438=ORIENTED_EDGE('',*,*,#2577,.F.);
#1439=ORIENTED_EDGE('',*,*,#2578,.F.);
#1440=ORIENTED_EDGE('',*,*,#2579,.F.);
#1441=ORIENTED_EDGE('',*,*,#2580,.F.);
#1442=ORIENTED_EDGE('',*,*,#2581,.F.);
#1443=ORIENTED_EDGE('',*,*,#2324,.F.);
#1444=ORIENTED_EDGE('',*,*,#2582,.T.);
#1445=ORIENTED_EDGE('',*,*,#2583,.T.);
#1446=ORIENTED_EDGE('',*,*,#2584,.T.);
#1447=ORIENTED_EDGE('',*,*,#2585,.T.);
#1448=ORIENTED_EDGE('',*,*,#2586,.T.);
#1449=ORIENTED_EDGE('',*,*,#2587,.T.);
#1450=ORIENTED_EDGE('',*,*,#2351,.T.);
#1451=ORIENTED_EDGE('',*,*,#2578,.T.);
#1452=ORIENTED_EDGE('',*,*,#2588,.F.);
#1453=ORIENTED_EDGE('',*,*,#2586,.F.);
#1454=ORIENTED_EDGE('',*,*,#2589,.T.);
#1455=ORIENTED_EDGE('',*,*,#2579,.T.);
#1456=ORIENTED_EDGE('',*,*,#2589,.F.);
#1457=ORIENTED_EDGE('',*,*,#2585,.F.);
#1458=ORIENTED_EDGE('',*,*,#2590,.T.);
#1459=ORIENTED_EDGE('',*,*,#2580,.T.);
#1460=ORIENTED_EDGE('',*,*,#2590,.F.);
#1461=ORIENTED_EDGE('',*,*,#2584,.F.);
#1462=ORIENTED_EDGE('',*,*,#2591,.T.);
#1463=ORIENTED_EDGE('',*,*,#2581,.T.);
#1464=ORIENTED_EDGE('',*,*,#2591,.F.);
#1465=ORIENTED_EDGE('',*,*,#2583,.F.);
#1466=ORIENTED_EDGE('',*,*,#2592,.T.);
#1467=ORIENTED_EDGE('',*,*,#2323,.F.);
#1468=ORIENTED_EDGE('',*,*,#2576,.T.);
#1469=ORIENTED_EDGE('',*,*,#2592,.F.);
#1470=ORIENTED_EDGE('',*,*,#2582,.F.);
#1471=ORIENTED_EDGE('',*,*,#2577,.T.);
#1472=ORIENTED_EDGE('',*,*,#2352,.T.);
#1473=ORIENTED_EDGE('',*,*,#2587,.F.);
#1474=ORIENTED_EDGE('',*,*,#2588,.T.);
#1475=ORIENTED_EDGE('',*,*,#2321,.T.);
#1476=ORIENTED_EDGE('',*,*,#2593,.T.);
#1477=ORIENTED_EDGE('',*,*,#2594,.F.);
#1478=ORIENTED_EDGE('',*,*,#2574,.F.);
#1479=ORIENTED_EDGE('',*,*,#2318,.F.);
#1480=ORIENTED_EDGE('',*,*,#2595,.T.);
#1481=ORIENTED_EDGE('',*,*,#2594,.T.);
#1482=ORIENTED_EDGE('',*,*,#2596,.T.);
#1483=ORIENTED_EDGE('',*,*,#2239,.F.);
#1484=ORIENTED_EDGE('',*,*,#2571,.F.);
#1485=ORIENTED_EDGE('',*,*,#2317,.T.);
#1486=ORIENTED_EDGE('',*,*,#2242,.F.);
#1487=ORIENTED_EDGE('',*,*,#2322,.F.);
#1488=ORIENTED_EDGE('',*,*,#2595,.F.);
#1489=ORIENTED_EDGE('',*,*,#2320,.T.);
#1490=ORIENTED_EDGE('',*,*,#2240,.F.);
#1491=ORIENTED_EDGE('',*,*,#2596,.F.);
#1492=ORIENTED_EDGE('',*,*,#2593,.F.);
#1493=ORIENTED_EDGE('',*,*,#2597,.F.);
#1494=ORIENTED_EDGE('',*,*,#2274,.T.);
#1495=ORIENTED_EDGE('',*,*,#2484,.T.);
#1496=ORIENTED_EDGE('',*,*,#2598,.F.);
#1497=ORIENTED_EDGE('',*,*,#2599,.F.);
#1498=ORIENTED_EDGE('',*,*,#2600,.T.);
#1499=ORIENTED_EDGE('',*,*,#2601,.F.);
#1500=ORIENTED_EDGE('',*,*,#2602,.F.);
#1501=ORIENTED_EDGE('',*,*,#2603,.F.);
#1502=ORIENTED_EDGE('',*,*,#2604,.F.);
#1503=ORIENTED_EDGE('',*,*,#2605,.F.);
#1504=ORIENTED_EDGE('',*,*,#2606,.F.);
#1505=ORIENTED_EDGE('',*,*,#2607,.F.);
#1506=ORIENTED_EDGE('',*,*,#2608,.F.);
#1507=ORIENTED_EDGE('',*,*,#2609,.F.);
#1508=ORIENTED_EDGE('',*,*,#2456,.F.);
#1509=ORIENTED_EDGE('',*,*,#2610,.F.);
#1510=ORIENTED_EDGE('',*,*,#2611,.F.);
#1511=ORIENTED_EDGE('',*,*,#2314,.F.);
#1512=ORIENTED_EDGE('',*,*,#2276,.T.);
#1513=ORIENTED_EDGE('',*,*,#2612,.T.);
#1514=ORIENTED_EDGE('',*,*,#2613,.T.);
#1515=ORIENTED_EDGE('',*,*,#2614,.T.);
#1516=ORIENTED_EDGE('',*,*,#2454,.F.);
#1517=ORIENTED_EDGE('',*,*,#2615,.T.);
#1518=ORIENTED_EDGE('',*,*,#2616,.T.);
#1519=ORIENTED_EDGE('',*,*,#2617,.F.);
#1520=ORIENTED_EDGE('',*,*,#2618,.T.);
#1521=ORIENTED_EDGE('',*,*,#2619,.F.);
#1522=ORIENTED_EDGE('',*,*,#2620,.F.);
#1523=ORIENTED_EDGE('',*,*,#2621,.F.);
#1524=ORIENTED_EDGE('',*,*,#2622,.T.);
#1525=ORIENTED_EDGE('',*,*,#2623,.F.);
#1526=ORIENTED_EDGE('',*,*,#2624,.F.);
#1527=ORIENTED_EDGE('',*,*,#2625,.T.);
#1528=ORIENTED_EDGE('',*,*,#2626,.T.);
#1529=ORIENTED_EDGE('',*,*,#2455,.F.);
#1530=ORIENTED_EDGE('',*,*,#2614,.F.);
#1531=ORIENTED_EDGE('',*,*,#2627,.F.);
#1532=ORIENTED_EDGE('',*,*,#2610,.T.);
#1533=ORIENTED_EDGE('',*,*,#2457,.F.);
#1534=ORIENTED_EDGE('',*,*,#2609,.T.);
#1535=ORIENTED_EDGE('',*,*,#2628,.T.);
#1536=ORIENTED_EDGE('',*,*,#2615,.F.);
#1537=ORIENTED_EDGE('',*,*,#2428,.F.);
#1538=ORIENTED_EDGE('',*,*,#2480,.T.);
#1539=ORIENTED_EDGE('',*,*,#2629,.F.);
#1540=ORIENTED_EDGE('',*,*,#2630,.F.);
#1541=ORIENTED_EDGE('',*,*,#2631,.F.);
#1542=ORIENTED_EDGE('',*,*,#2632,.F.);
#1543=ORIENTED_EDGE('',*,*,#2633,.F.);
#1544=ORIENTED_EDGE('',*,*,#2634,.T.);
#1545=ORIENTED_EDGE('',*,*,#2625,.F.);
#1546=ORIENTED_EDGE('',*,*,#2635,.F.);
#1547=ORIENTED_EDGE('',*,*,#2429,.F.);
#1548=ORIENTED_EDGE('',*,*,#2635,.T.);
#1549=ORIENTED_EDGE('',*,*,#2624,.T.);
#1550=ORIENTED_EDGE('',*,*,#2636,.F.);
#1551=ORIENTED_EDGE('',*,*,#2481,.F.);
#1552=ORIENTED_EDGE('',*,*,#2430,.T.);
#1553=ORIENTED_EDGE('',*,*,#2636,.T.);
#1554=ORIENTED_EDGE('',*,*,#2623,.T.);
#1555=ORIENTED_EDGE('',*,*,#2637,.T.);
#1556=ORIENTED_EDGE('',*,*,#2638,.T.);
#1557=ORIENTED_EDGE('',*,*,#2639,.T.);
#1558=ORIENTED_EDGE('',*,*,#2640,.T.);
#1559=ORIENTED_EDGE('',*,*,#2641,.T.);
#1560=ORIENTED_EDGE('',*,*,#2601,.T.);
#1561=ORIENTED_EDGE('',*,*,#2642,.T.);
#1562=ORIENTED_EDGE('',*,*,#2643,.T.);
#1563=ORIENTED_EDGE('',*,*,#2644,.T.);
#1564=ORIENTED_EDGE('',*,*,#2645,.T.);
#1565=ORIENTED_EDGE('',*,*,#2646,.T.);
#1566=ORIENTED_EDGE('',*,*,#2647,.F.);
#1567=ORIENTED_EDGE('',*,*,#2602,.T.);
#1568=ORIENTED_EDGE('',*,*,#2641,.F.);
#1569=ORIENTED_EDGE('',*,*,#2648,.F.);
#1570=ORIENTED_EDGE('',*,*,#2649,.F.);
#1571=ORIENTED_EDGE('',*,*,#2650,.T.);
#1572=ORIENTED_EDGE('',*,*,#2637,.F.);
#1573=ORIENTED_EDGE('',*,*,#2622,.F.);
#1574=ORIENTED_EDGE('',*,*,#2651,.F.);
#1575=ORIENTED_EDGE('',*,*,#2652,.T.);
#1576=ORIENTED_EDGE('',*,*,#2653,.F.);
#1577=ORIENTED_EDGE('',*,*,#2654,.F.);
#1578=ORIENTED_EDGE('',*,*,#2655,.T.);
#1579=ORIENTED_EDGE('',*,*,#2638,.F.);
#1580=ORIENTED_EDGE('',*,*,#2650,.F.);
#1581=ORIENTED_EDGE('',*,*,#2656,.F.);
#1582=ORIENTED_EDGE('',*,*,#2639,.F.);
#1583=ORIENTED_EDGE('',*,*,#2655,.F.);
#1584=ORIENTED_EDGE('',*,*,#2657,.F.);
#1585=ORIENTED_EDGE('',*,*,#2658,.T.);
#1586=ORIENTED_EDGE('',*,*,#2659,.F.);
#1587=ORIENTED_EDGE('',*,*,#2648,.T.);
#1588=ORIENTED_EDGE('',*,*,#2640,.F.);
#1589=ORIENTED_EDGE('',*,*,#2658,.F.);
#1590=ORIENTED_EDGE('',*,*,#2660,.F.);
#1591=ORIENTED_EDGE('',*,*,#2661,.T.);
#1592=ORIENTED_EDGE('',*,*,#2662,.F.);
#1593=ORIENTED_EDGE('',*,*,#2663,.T.);
#1594=ORIENTED_EDGE('',*,*,#2664,.F.);
#1595=ORIENTED_EDGE('',*,*,#2661,.F.);
#1596=ORIENTED_EDGE('',*,*,#2665,.T.);
#1597=ORIENTED_EDGE('',*,*,#2606,.T.);
#1598=ORIENTED_EDGE('',*,*,#2642,.F.);
#1599=ORIENTED_EDGE('',*,*,#2600,.F.);
#1600=ORIENTED_EDGE('',*,*,#2666,.T.);
#1601=ORIENTED_EDGE('',*,*,#2633,.T.);
#1602=ORIENTED_EDGE('',*,*,#2667,.T.);
#1603=ORIENTED_EDGE('',*,*,#2643,.F.);
#1604=ORIENTED_EDGE('',*,*,#2667,.F.);
#1605=ORIENTED_EDGE('',*,*,#2632,.T.);
#1606=ORIENTED_EDGE('',*,*,#2668,.T.);
#1607=ORIENTED_EDGE('',*,*,#2644,.F.);
#1608=ORIENTED_EDGE('',*,*,#2668,.F.);
#1609=ORIENTED_EDGE('',*,*,#2631,.T.);
#1610=ORIENTED_EDGE('',*,*,#2669,.T.);
#1611=ORIENTED_EDGE('',*,*,#2645,.F.);
#1612=ORIENTED_EDGE('',*,*,#2669,.F.);
#1613=ORIENTED_EDGE('',*,*,#2630,.T.);
#1614=ORIENTED_EDGE('',*,*,#2670,.T.);
#1615=ORIENTED_EDGE('',*,*,#2629,.T.);
#1616=ORIENTED_EDGE('',*,*,#2482,.T.);
#1617=ORIENTED_EDGE('',*,*,#2646,.F.);
#1618=ORIENTED_EDGE('',*,*,#2670,.F.);
#1619=ORIENTED_EDGE('',*,*,#2671,.F.);
#1620=ORIENTED_EDGE('',*,*,#2618,.F.);
#1621=ORIENTED_EDGE('',*,*,#2672,.T.);
#1622=ORIENTED_EDGE('',*,*,#2653,.T.);
#1623=ORIENTED_EDGE('',*,*,#2673,.F.);
#1624=ORIENTED_EDGE('',*,*,#2607,.T.);
#1625=ORIENTED_EDGE('',*,*,#2665,.F.);
#1626=ORIENTED_EDGE('',*,*,#2660,.T.);
#1627=ORIENTED_EDGE('',*,*,#2657,.T.);
#1628=ORIENTED_EDGE('',*,*,#2654,.T.);
#1629=ORIENTED_EDGE('',*,*,#2672,.F.);
#1630=ORIENTED_EDGE('',*,*,#2617,.T.);
#1631=ORIENTED_EDGE('',*,*,#2598,.T.);
#1632=ORIENTED_EDGE('',*,*,#2407,.T.);
#1633=ORIENTED_EDGE('',*,*,#2626,.F.);
#1634=ORIENTED_EDGE('',*,*,#2634,.F.);
#1635=ORIENTED_EDGE('',*,*,#2674,.F.);
#1636=ORIENTED_EDGE('',*,*,#2612,.F.);
#1637=ORIENTED_EDGE('',*,*,#2275,.T.);
#1638=ORIENTED_EDGE('',*,*,#2597,.T.);
#1639=ORIENTED_EDGE('',*,*,#2675,.T.);
#1640=ORIENTED_EDGE('',*,*,#2675,.F.);
#1641=ORIENTED_EDGE('',*,*,#2611,.T.);
#1642=ORIENTED_EDGE('',*,*,#2627,.T.);
#1643=ORIENTED_EDGE('',*,*,#2613,.F.);
#1644=ORIENTED_EDGE('',*,*,#2666,.F.);
#1645=ORIENTED_EDGE('',*,*,#2599,.T.);
#1646=ORIENTED_EDGE('',*,*,#2674,.T.);
#1647=ORIENTED_EDGE('',*,*,#2608,.T.);
#1648=ORIENTED_EDGE('',*,*,#2673,.T.);
#1649=ORIENTED_EDGE('',*,*,#2616,.F.);
#1650=ORIENTED_EDGE('',*,*,#2628,.F.);
#1651=ORIENTED_EDGE('',*,*,#2659,.T.);
#1652=ORIENTED_EDGE('',*,*,#2676,.T.);
#1653=ORIENTED_EDGE('',*,*,#2656,.T.);
#1654=ORIENTED_EDGE('',*,*,#2649,.T.);
#1655=ORIENTED_EDGE('',*,*,#2621,.T.);
#1656=ORIENTED_EDGE('',*,*,#2677,.T.);
#1657=ORIENTED_EDGE('',*,*,#2603,.T.);
#1658=ORIENTED_EDGE('',*,*,#2647,.T.);
#1659=ORIENTED_EDGE('',*,*,#2604,.T.);
#1660=ORIENTED_EDGE('',*,*,#2677,.F.);
#1661=ORIENTED_EDGE('',*,*,#2620,.T.);
#1662=ORIENTED_EDGE('',*,*,#2678,.T.);
#1663=ORIENTED_EDGE('',*,*,#2662,.T.);
#1664=ORIENTED_EDGE('',*,*,#2664,.T.);
#1665=ORIENTED_EDGE('',*,*,#2605,.T.);
#1666=ORIENTED_EDGE('',*,*,#2678,.F.);
#1667=ORIENTED_EDGE('',*,*,#2619,.T.);
#1668=ORIENTED_EDGE('',*,*,#2671,.T.);
#1669=ORIENTED_EDGE('',*,*,#2652,.F.);
#1670=ORIENTED_EDGE('',*,*,#2679,.T.);
#1671=ORIENTED_EDGE('',*,*,#2679,.F.);
#1672=ORIENTED_EDGE('',*,*,#2651,.T.);
#1673=ORIENTED_EDGE('',*,*,#2676,.F.);
#1674=ORIENTED_EDGE('',*,*,#2663,.F.);
#1675=ORIENTED_EDGE('',*,*,#2680,.T.);
#1676=ORIENTED_EDGE('',*,*,#2411,.T.);
#1677=ORIENTED_EDGE('',*,*,#2681,.F.);
#1678=ORIENTED_EDGE('',*,*,#2682,.T.);
#1679=ORIENTED_EDGE('',*,*,#2683,.T.);
#1680=ORIENTED_EDGE('',*,*,#2233,.F.);
#1681=ORIENTED_EDGE('',*,*,#2684,.T.);
#1682=ORIENTED_EDGE('',*,*,#2685,.T.);
#1683=ORIENTED_EDGE('',*,*,#2686,.T.);
#1684=ORIENTED_EDGE('',*,*,#2307,.T.);
#1685=ORIENTED_EDGE('',*,*,#2687,.T.);
#1686=ORIENTED_EDGE('',*,*,#2688,.T.);
#1687=ORIENTED_EDGE('',*,*,#2689,.T.);
#1688=ORIENTED_EDGE('',*,*,#2690,.T.);
#1689=ORIENTED_EDGE('',*,*,#2691,.T.);
#1690=ORIENTED_EDGE('',*,*,#2692,.T.);
#1691=ORIENTED_EDGE('',*,*,#2693,.T.);
#1692=ORIENTED_EDGE('',*,*,#2694,.T.);
#1693=ORIENTED_EDGE('',*,*,#2695,.T.);
#1694=ORIENTED_EDGE('',*,*,#2696,.F.);
#1695=ORIENTED_EDGE('',*,*,#2697,.T.);
#1696=ORIENTED_EDGE('',*,*,#2681,.T.);
#1697=ORIENTED_EDGE('',*,*,#2228,.F.);
#1698=ORIENTED_EDGE('',*,*,#2290,.F.);
#1699=ORIENTED_EDGE('',*,*,#2483,.T.);
#1700=ORIENTED_EDGE('',*,*,#2680,.F.);
#1701=ORIENTED_EDGE('',*,*,#2698,.F.);
#1702=ORIENTED_EDGE('',*,*,#2699,.T.);
#1703=ORIENTED_EDGE('',*,*,#2700,.T.);
#1704=ORIENTED_EDGE('',*,*,#2701,.F.);
#1705=ORIENTED_EDGE('',*,*,#2702,.T.);
#1706=ORIENTED_EDGE('',*,*,#2703,.T.);
#1707=ORIENTED_EDGE('',*,*,#2704,.T.);
#1708=ORIENTED_EDGE('',*,*,#2705,.F.);
#1709=ORIENTED_EDGE('',*,*,#2706,.T.);
#1710=ORIENTED_EDGE('',*,*,#2707,.F.);
#1711=ORIENTED_EDGE('',*,*,#2708,.F.);
#1712=ORIENTED_EDGE('',*,*,#2305,.T.);
#1713=ORIENTED_EDGE('',*,*,#2709,.F.);
#1714=ORIENTED_EDGE('',*,*,#2710,.F.);
#1715=ORIENTED_EDGE('',*,*,#2711,.F.);
#1716=ORIENTED_EDGE('',*,*,#2709,.T.);
#1717=ORIENTED_EDGE('',*,*,#2304,.T.);
#1718=ORIENTED_EDGE('',*,*,#2686,.F.);
#1719=ORIENTED_EDGE('',*,*,#2712,.T.);
#1720=ORIENTED_EDGE('',*,*,#2687,.F.);
#1721=ORIENTED_EDGE('',*,*,#2306,.T.);
#1722=ORIENTED_EDGE('',*,*,#2708,.T.);
#1723=ORIENTED_EDGE('',*,*,#2713,.F.);
#1724=ORIENTED_EDGE('',*,*,#2308,.F.);
#1725=ORIENTED_EDGE('',*,*,#2291,.T.);
#1726=ORIENTED_EDGE('',*,*,#2714,.T.);
#1727=ORIENTED_EDGE('',*,*,#2698,.T.);
#1728=ORIENTED_EDGE('',*,*,#2683,.F.);
#1729=ORIENTED_EDGE('',*,*,#2715,.T.);
#1730=ORIENTED_EDGE('',*,*,#2716,.T.);
#1731=ORIENTED_EDGE('',*,*,#2717,.T.);
#1732=ORIENTED_EDGE('',*,*,#2718,.T.);
#1733=ORIENTED_EDGE('',*,*,#2719,.T.);
#1734=ORIENTED_EDGE('',*,*,#2714,.F.);
#1735=ORIENTED_EDGE('',*,*,#2299,.T.);
#1736=ORIENTED_EDGE('',*,*,#2720,.T.);
#1737=ORIENTED_EDGE('',*,*,#2699,.F.);
#1738=ORIENTED_EDGE('',*,*,#2298,.F.);
#1739=ORIENTED_EDGE('',*,*,#2310,.T.);
#1740=ORIENTED_EDGE('',*,*,#2721,.F.);
#1741=ORIENTED_EDGE('',*,*,#2722,.F.);
#1742=ORIENTED_EDGE('',*,*,#2723,.F.);
#1743=ORIENTED_EDGE('',*,*,#2724,.F.);
#1744=ORIENTED_EDGE('',*,*,#2725,.F.);
#1745=ORIENTED_EDGE('',*,*,#2695,.F.);
#1746=ORIENTED_EDGE('',*,*,#2726,.F.);
#1747=ORIENTED_EDGE('',*,*,#2727,.F.);
#1748=ORIENTED_EDGE('',*,*,#2728,.F.);
#1749=ORIENTED_EDGE('',*,*,#2729,.F.);
#1750=ORIENTED_EDGE('',*,*,#2730,.F.);
#1751=ORIENTED_EDGE('',*,*,#2700,.F.);
#1752=ORIENTED_EDGE('',*,*,#2720,.F.);
#1753=ORIENTED_EDGE('',*,*,#2731,.T.);
#1754=ORIENTED_EDGE('',*,*,#2732,.F.);
#1755=ORIENTED_EDGE('',*,*,#2733,.T.);
#1756=ORIENTED_EDGE('',*,*,#2734,.F.);
#1757=ORIENTED_EDGE('',*,*,#2735,.T.);
#1758=ORIENTED_EDGE('',*,*,#2736,.T.);
#1759=ORIENTED_EDGE('',*,*,#2727,.T.);
#1760=ORIENTED_EDGE('',*,*,#2737,.F.);
#1761=ORIENTED_EDGE('',*,*,#2738,.T.);
#1762=ORIENTED_EDGE('',*,*,#2737,.T.);
#1763=ORIENTED_EDGE('',*,*,#2726,.T.);
#1764=ORIENTED_EDGE('',*,*,#2694,.F.);
#1765=ORIENTED_EDGE('',*,*,#2739,.T.);
#1766=ORIENTED_EDGE('',*,*,#2690,.F.);
#1767=ORIENTED_EDGE('',*,*,#2740,.F.);
#1768=ORIENTED_EDGE('',*,*,#2734,.T.);
#1769=ORIENTED_EDGE('',*,*,#2741,.T.);
#1770=ORIENTED_EDGE('',*,*,#2701,.T.);
#1771=ORIENTED_EDGE('',*,*,#2730,.T.);
#1772=ORIENTED_EDGE('',*,*,#2742,.F.);
#1773=ORIENTED_EDGE('',*,*,#2743,.T.);
#1774=ORIENTED_EDGE('',*,*,#2744,.F.);
#1775=ORIENTED_EDGE('',*,*,#2745,.F.);
#1776=ORIENTED_EDGE('',*,*,#2705,.T.);
#1777=ORIENTED_EDGE('',*,*,#2746,.T.);
#1778=ORIENTED_EDGE('',*,*,#2706,.F.);
#1779=ORIENTED_EDGE('',*,*,#2745,.T.);
#1780=ORIENTED_EDGE('',*,*,#2747,.F.);
#1781=ORIENTED_EDGE('',*,*,#2748,.F.);
#1782=ORIENTED_EDGE('',*,*,#2735,.F.);
#1783=ORIENTED_EDGE('',*,*,#2740,.T.);
#1784=ORIENTED_EDGE('',*,*,#2689,.F.);
#1785=ORIENTED_EDGE('',*,*,#2728,.T.);
#1786=ORIENTED_EDGE('',*,*,#2736,.F.);
#1787=ORIENTED_EDGE('',*,*,#2748,.T.);
#1788=ORIENTED_EDGE('',*,*,#2749,.T.);
#1789=ORIENTED_EDGE('',*,*,#2725,.T.);
#1790=ORIENTED_EDGE('',*,*,#2750,.F.);
#1791=ORIENTED_EDGE('',*,*,#2715,.F.);
#1792=ORIENTED_EDGE('',*,*,#2751,.F.);
#1793=ORIENTED_EDGE('',*,*,#2696,.T.);
#1794=ORIENTED_EDGE('',*,*,#2724,.T.);
#1795=ORIENTED_EDGE('',*,*,#2752,.F.);
#1796=ORIENTED_EDGE('',*,*,#2716,.F.);
#1797=ORIENTED_EDGE('',*,*,#2750,.T.);
#1798=ORIENTED_EDGE('',*,*,#2723,.T.);
#1799=ORIENTED_EDGE('',*,*,#2753,.F.);
#1800=ORIENTED_EDGE('',*,*,#2717,.F.);
#1801=ORIENTED_EDGE('',*,*,#2752,.T.);
#1802=ORIENTED_EDGE('',*,*,#2722,.T.);
#1803=ORIENTED_EDGE('',*,*,#2754,.F.);
#1804=ORIENTED_EDGE('',*,*,#2718,.F.);
#1805=ORIENTED_EDGE('',*,*,#2753,.T.);
#1806=ORIENTED_EDGE('',*,*,#2309,.F.);
#1807=ORIENTED_EDGE('',*,*,#2719,.F.);
#1808=ORIENTED_EDGE('',*,*,#2754,.T.);
#1809=ORIENTED_EDGE('',*,*,#2721,.T.);
#1810=ORIENTED_EDGE('',*,*,#2755,.T.);
#1811=ORIENTED_EDGE('',*,*,#2756,.T.);
#1812=ORIENTED_EDGE('',*,*,#2742,.T.);
#1813=ORIENTED_EDGE('',*,*,#2729,.T.);
#1814=ORIENTED_EDGE('',*,*,#2749,.F.);
#1815=ORIENTED_EDGE('',*,*,#2747,.T.);
#1816=ORIENTED_EDGE('',*,*,#2744,.T.);
#1817=ORIENTED_EDGE('',*,*,#2757,.F.);
#1818=ORIENTED_EDGE('',*,*,#2697,.F.);
#1819=ORIENTED_EDGE('',*,*,#2751,.T.);
#1820=ORIENTED_EDGE('',*,*,#2682,.F.);
#1821=ORIENTED_EDGE('',*,*,#2707,.T.);
#1822=ORIENTED_EDGE('',*,*,#2746,.F.);
#1823=ORIENTED_EDGE('',*,*,#2688,.F.);
#1824=ORIENTED_EDGE('',*,*,#2713,.T.);
#1825=ORIENTED_EDGE('',*,*,#2232,.F.);
#1826=ORIENTED_EDGE('',*,*,#2711,.T.);
#1827=ORIENTED_EDGE('',*,*,#2758,.F.);
#1828=ORIENTED_EDGE('',*,*,#2684,.F.);
#1829=ORIENTED_EDGE('',*,*,#2712,.F.);
#1830=ORIENTED_EDGE('',*,*,#2685,.F.);
#1831=ORIENTED_EDGE('',*,*,#2758,.T.);
#1832=ORIENTED_EDGE('',*,*,#2710,.T.);
#1833=ORIENTED_EDGE('',*,*,#2692,.F.);
#1834=ORIENTED_EDGE('',*,*,#2759,.F.);
#1835=ORIENTED_EDGE('',*,*,#2703,.F.);
#1836=ORIENTED_EDGE('',*,*,#2760,.T.);
#1837=ORIENTED_EDGE('',*,*,#2731,.F.);
#1838=ORIENTED_EDGE('',*,*,#2738,.F.);
#1839=ORIENTED_EDGE('',*,*,#2693,.F.);
#1840=ORIENTED_EDGE('',*,*,#2760,.F.);
#1841=ORIENTED_EDGE('',*,*,#2702,.F.);
#1842=ORIENTED_EDGE('',*,*,#2741,.F.);
#1843=ORIENTED_EDGE('',*,*,#2756,.F.);
#1844=ORIENTED_EDGE('',*,*,#2761,.F.);
#1845=ORIENTED_EDGE('',*,*,#2733,.F.);
#1846=ORIENTED_EDGE('',*,*,#2762,.F.);
#1847=ORIENTED_EDGE('',*,*,#2757,.T.);
#1848=ORIENTED_EDGE('',*,*,#2743,.F.);
#1849=ORIENTED_EDGE('',*,*,#2704,.F.);
#1850=ORIENTED_EDGE('',*,*,#2759,.T.);
#1851=ORIENTED_EDGE('',*,*,#2691,.F.);
#1852=ORIENTED_EDGE('',*,*,#2739,.F.);
#1853=ORIENTED_EDGE('',*,*,#2761,.T.);
#1854=ORIENTED_EDGE('',*,*,#2755,.F.);
#1855=ORIENTED_EDGE('',*,*,#2762,.T.);
#1856=ORIENTED_EDGE('',*,*,#2732,.T.);
#1857=ORIENTED_EDGE('',*,*,#2442,.T.);
#1858=ORIENTED_EDGE('',*,*,#2763,.T.);
#1859=ORIENTED_EDGE('',*,*,#2764,.T.);
#1860=ORIENTED_EDGE('',*,*,#2765,.F.);
#1861=ORIENTED_EDGE('',*,*,#2444,.T.);
#1862=ORIENTED_EDGE('',*,*,#2766,.T.);
#1863=ORIENTED_EDGE('',*,*,#2767,.T.);
#1864=ORIENTED_EDGE('',*,*,#2763,.F.);
#1865=ORIENTED_EDGE('',*,*,#2443,.T.);
#1866=ORIENTED_EDGE('',*,*,#2765,.T.);
#1867=ORIENTED_EDGE('',*,*,#2768,.T.);
#1868=ORIENTED_EDGE('',*,*,#2766,.F.);
#1869=ORIENTED_EDGE('',*,*,#2764,.F.);
#1870=ORIENTED_EDGE('',*,*,#2767,.F.);
#1871=ORIENTED_EDGE('',*,*,#2768,.F.);
#1872=VERTEX_POINT('',#4931);
#1873=VERTEX_POINT('',#4932);
#1874=VERTEX_POINT('',#4934);
#1875=VERTEX_POINT('',#4936);
#1876=VERTEX_POINT('',#4940);
#1877=VERTEX_POINT('',#4941);
#1878=VERTEX_POINT('',#4944);
#1879=VERTEX_POINT('',#4946);
#1880=VERTEX_POINT('',#4948);
#1881=VERTEX_POINT('',#4950);
#1882=VERTEX_POINT('',#4952);
#1883=VERTEX_POINT('',#4954);
#1884=VERTEX_POINT('',#4956);
#1885=VERTEX_POINT('',#4958);
#1886=VERTEX_POINT('',#4960);
#1887=VERTEX_POINT('',#4962);
#1888=VERTEX_POINT('',#4964);
#1889=VERTEX_POINT('',#4966);
#1890=VERTEX_POINT('',#4968);
#1891=VERTEX_POINT('',#4970);
#1892=VERTEX_POINT('',#4972);
#1893=VERTEX_POINT('',#4974);
#1894=VERTEX_POINT('',#4976);
#1895=VERTEX_POINT('',#4978);
#1896=VERTEX_POINT('',#4980);
#1897=VERTEX_POINT('',#4982);
#1898=VERTEX_POINT('',#4984);
#1899=VERTEX_POINT('',#4986);
#1900=VERTEX_POINT('',#4988);
#1901=VERTEX_POINT('',#4990);
#1902=VERTEX_POINT('',#4992);
#1903=VERTEX_POINT('',#4994);
#1904=VERTEX_POINT('',#4996);
#1905=VERTEX_POINT('',#4998);
#1906=VERTEX_POINT('',#5000);
#1907=VERTEX_POINT('',#5002);
#1908=VERTEX_POINT('',#5004);
#1909=VERTEX_POINT('',#5006);
#1910=VERTEX_POINT('',#5008);
#1911=VERTEX_POINT('',#5010);
#1912=VERTEX_POINT('',#5012);
#1913=VERTEX_POINT('',#5014);
#1914=VERTEX_POINT('',#5016);
#1915=VERTEX_POINT('',#5018);
#1916=VERTEX_POINT('',#5020);
#1917=VERTEX_POINT('',#5022);
#1918=VERTEX_POINT('',#5024);
#1919=VERTEX_POINT('',#5026);
#1920=VERTEX_POINT('',#5028);
#1921=VERTEX_POINT('',#5030);
#1922=VERTEX_POINT('',#5032);
#1923=VERTEX_POINT('',#5034);
#1924=VERTEX_POINT('',#5036);
#1925=VERTEX_POINT('',#5038);
#1926=VERTEX_POINT('',#5040);
#1927=VERTEX_POINT('',#5042);
#1928=VERTEX_POINT('',#5044);
#1929=VERTEX_POINT('',#5046);
#1930=VERTEX_POINT('',#5048);
#1931=VERTEX_POINT('',#5050);
#1932=VERTEX_POINT('',#5052);
#1933=VERTEX_POINT('',#5054);
#1934=VERTEX_POINT('',#5058);
#1935=VERTEX_POINT('',#5059);
#1936=VERTEX_POINT('',#5061);
#1937=VERTEX_POINT('',#5063);
#1938=VERTEX_POINT('',#5066);
#1939=VERTEX_POINT('',#5068);
#1940=VERTEX_POINT('',#5070);
#1941=VERTEX_POINT('',#5072);
#1942=VERTEX_POINT('',#5076);
#1943=VERTEX_POINT('',#5078);
#1944=VERTEX_POINT('',#5080);
#1945=VERTEX_POINT('',#5083);
#1946=VERTEX_POINT('',#5084);
#1947=VERTEX_POINT('',#5086);
#1948=VERTEX_POINT('',#5088);
#1949=VERTEX_POINT('',#5092);
#1950=VERTEX_POINT('',#5094);
#1951=VERTEX_POINT('',#5097);
#1952=VERTEX_POINT('',#5099);
#1953=VERTEX_POINT('',#5103);
#1954=VERTEX_POINT('',#5105);
#1955=VERTEX_POINT('',#5109);
#1956=VERTEX_POINT('',#5111);
#1957=VERTEX_POINT('',#5115);
#1958=VERTEX_POINT('',#5117);
#1959=VERTEX_POINT('',#5121);
#1960=VERTEX_POINT('',#5122);
#1961=VERTEX_POINT('',#5124);
#1962=VERTEX_POINT('',#5126);
#1963=VERTEX_POINT('',#5128);
#1964=VERTEX_POINT('',#5130);
#1965=VERTEX_POINT('',#5132);
#1966=VERTEX_POINT('',#5134);
#1967=VERTEX_POINT('',#5136);
#1968=VERTEX_POINT('',#5138);
#1969=VERTEX_POINT('',#5140);
#1970=VERTEX_POINT('',#5142);
#1971=VERTEX_POINT('',#5144);
#1972=VERTEX_POINT('',#5146);
#1973=VERTEX_POINT('',#5148);
#1974=VERTEX_POINT('',#5150);
#1975=VERTEX_POINT('',#5152);
#1976=VERTEX_POINT('',#5154);
#1977=VERTEX_POINT('',#5156);
#1978=VERTEX_POINT('',#5158);
#1979=VERTEX_POINT('',#5160);
#1980=VERTEX_POINT('',#5162);
#1981=VERTEX_POINT('',#5164);
#1982=VERTEX_POINT('',#5166);
#1983=VERTEX_POINT('',#5168);
#1984=VERTEX_POINT('',#5170);
#1985=VERTEX_POINT('',#5172);
#1986=VERTEX_POINT('',#5174);
#1987=VERTEX_POINT('',#5178);
#1988=VERTEX_POINT('',#5180);
#1989=VERTEX_POINT('',#5183);
#1990=VERTEX_POINT('',#5185);
#1991=VERTEX_POINT('',#5188);
#1992=VERTEX_POINT('',#5190);
#1993=VERTEX_POINT('',#5193);
#1994=VERTEX_POINT('',#5195);
#1995=VERTEX_POINT('',#5198);
#1996=VERTEX_POINT('',#5200);
#1997=VERTEX_POINT('',#5204);
#1998=VERTEX_POINT('',#5206);
#1999=VERTEX_POINT('',#5209);
#2000=VERTEX_POINT('',#5211);
#2001=VERTEX_POINT('',#5214);
#2002=VERTEX_POINT('',#5216);
#2003=VERTEX_POINT('',#5219);
#2004=VERTEX_POINT('',#5221);
#2005=VERTEX_POINT('',#5224);
#2006=VERTEX_POINT('',#5226);
#2007=VERTEX_POINT('',#5230);
#2008=VERTEX_POINT('',#5232);
#2009=VERTEX_POINT('',#5236);
#2010=VERTEX_POINT('',#5238);
#2011=VERTEX_POINT('',#5242);
#2012=VERTEX_POINT('',#5244);
#2013=VERTEX_POINT('',#5248);
#2014=VERTEX_POINT('',#5250);
#2015=VERTEX_POINT('',#5254);
#2016=VERTEX_POINT('',#5256);
#2017=VERTEX_POINT('',#5260);
#2018=VERTEX_POINT('',#5262);
#2019=VERTEX_POINT('',#5266);
#2020=VERTEX_POINT('',#5268);
#2021=VERTEX_POINT('',#5272);
#2022=VERTEX_POINT('',#5273);
#2023=VERTEX_POINT('',#5276);
#2024=VERTEX_POINT('',#5278);
#2025=VERTEX_POINT('',#5283);
#2026=VERTEX_POINT('',#5289);
#2027=VERTEX_POINT('',#5291);
#2028=VERTEX_POINT('',#5295);
#2029=VERTEX_POINT('',#5299);
#2030=VERTEX_POINT('',#5300);
#2031=VERTEX_POINT('',#5305);
#2032=VERTEX_POINT('',#5306);
#2033=VERTEX_POINT('',#5309);
#2034=VERTEX_POINT('',#5311);
#2035=VERTEX_POINT('',#5315);
#2036=VERTEX_POINT('',#5319);
#2037=VERTEX_POINT('',#5321);
#2038=VERTEX_POINT('',#5323);
#2039=VERTEX_POINT('',#5325);
#2040=VERTEX_POINT('',#5333);
#2041=VERTEX_POINT('',#5334);
#2042=VERTEX_POINT('',#5337);
#2043=VERTEX_POINT('',#5339);
#2044=VERTEX_POINT('',#5341);
#2045=VERTEX_POINT('',#5343);
#2046=VERTEX_POINT('',#5347);
#2047=VERTEX_POINT('',#5348);
#2048=VERTEX_POINT('',#5350);
#2049=VERTEX_POINT('',#5353);
#2050=VERTEX_POINT('',#5355);
#2051=VERTEX_POINT('',#5357);
#2052=VERTEX_POINT('',#5359);
#2053=VERTEX_POINT('',#5361);
#2054=VERTEX_POINT('',#5363);
#2055=VERTEX_POINT('',#5370);
#2056=VERTEX_POINT('',#5371);
#2057=VERTEX_POINT('',#5373);
#2058=VERTEX_POINT('',#5375);
#2059=VERTEX_POINT('',#5378);
#2060=VERTEX_POINT('',#5380);
#2061=VERTEX_POINT('',#5385);
#2062=VERTEX_POINT('',#5389);
#2063=VERTEX_POINT('',#5408);
#2064=VERTEX_POINT('',#5415);
#2065=VERTEX_POINT('',#5425);
#2066=VERTEX_POINT('',#5427);
#2067=VERTEX_POINT('',#5435);
#2068=VERTEX_POINT('',#5437);
#2069=VERTEX_POINT('',#5441);
#2070=VERTEX_POINT('',#5449);
#2071=VERTEX_POINT('',#5451);
#2072=VERTEX_POINT('',#5453);
#2073=VERTEX_POINT('',#5455);
#2074=VERTEX_POINT('',#5457);
#2075=VERTEX_POINT('',#5461);
#2076=VERTEX_POINT('',#5463);
#2077=VERTEX_POINT('',#5465);
#2078=VERTEX_POINT('',#5467);
#2079=VERTEX_POINT('',#5469);
#2080=VERTEX_POINT('',#5484);
#2081=VERTEX_POINT('',#5493);
#2082=VERTEX_POINT('',#5495);
#2083=VERTEX_POINT('',#5499);
#2084=VERTEX_POINT('',#5507);
#2085=VERTEX_POINT('',#5509);
#2086=VERTEX_POINT('',#5511);
#2087=VERTEX_POINT('',#5513);
#2088=VERTEX_POINT('',#5515);
#2089=VERTEX_POINT('',#5519);
#2090=VERTEX_POINT('',#5521);
#2091=VERTEX_POINT('',#5523);
#2092=VERTEX_POINT('',#5525);
#2093=VERTEX_POINT('',#5527);
#2094=VERTEX_POINT('',#5542);
#2095=VERTEX_POINT('',#5551);
#2096=VERTEX_POINT('',#5553);
#2097=VERTEX_POINT('',#5557);
#2098=VERTEX_POINT('',#5565);
#2099=VERTEX_POINT('',#5567);
#2100=VERTEX_POINT('',#5569);
#2101=VERTEX_POINT('',#5571);
#2102=VERTEX_POINT('',#5573);
#2103=VERTEX_POINT('',#5577);
#2104=VERTEX_POINT('',#5579);
#2105=VERTEX_POINT('',#5581);
#2106=VERTEX_POINT('',#5583);
#2107=VERTEX_POINT('',#5585);
#2108=VERTEX_POINT('',#5600);
#2109=VERTEX_POINT('',#5609);
#2110=VERTEX_POINT('',#5611);
#2111=VERTEX_POINT('',#5615);
#2112=VERTEX_POINT('',#5623);
#2113=VERTEX_POINT('',#5625);
#2114=VERTEX_POINT('',#5627);
#2115=VERTEX_POINT('',#5629);
#2116=VERTEX_POINT('',#5631);
#2117=VERTEX_POINT('',#5635);
#2118=VERTEX_POINT('',#5637);
#2119=VERTEX_POINT('',#5639);
#2120=VERTEX_POINT('',#5641);
#2121=VERTEX_POINT('',#5643);
#2122=VERTEX_POINT('',#5658);
#2123=VERTEX_POINT('',#5667);
#2124=VERTEX_POINT('',#5669);
#2125=VERTEX_POINT('',#5671);
#2126=VERTEX_POINT('',#5673);
#2127=VERTEX_POINT('',#5675);
#2128=VERTEX_POINT('',#5677);
#2129=VERTEX_POINT('',#5679);
#2130=VERTEX_POINT('',#5681);
#2131=VERTEX_POINT('',#5683);
#2132=VERTEX_POINT('',#5685);
#2133=VERTEX_POINT('',#5687);
#2134=VERTEX_POINT('',#5689);
#2135=VERTEX_POINT('',#5692);
#2136=VERTEX_POINT('',#5696);
#2137=VERTEX_POINT('',#5698);
#2138=VERTEX_POINT('',#5701);
#2139=VERTEX_POINT('',#5703);
#2140=VERTEX_POINT('',#5705);
#2141=VERTEX_POINT('',#5707);
#2142=VERTEX_POINT('',#5709);
#2143=VERTEX_POINT('',#5711);
#2144=VERTEX_POINT('',#5713);
#2145=VERTEX_POINT('',#5715);
#2146=VERTEX_POINT('',#5717);
#2147=VERTEX_POINT('',#5719);
#2148=VERTEX_POINT('',#5721);
#2149=VERTEX_POINT('',#5729);
#2150=VERTEX_POINT('',#5731);
#2151=VERTEX_POINT('',#5733);
#2152=VERTEX_POINT('',#5735);
#2153=VERTEX_POINT('',#5737);
#2154=VERTEX_POINT('',#5744);
#2155=VERTEX_POINT('',#5746);
#2156=VERTEX_POINT('',#5748);
#2157=VERTEX_POINT('',#5750);
#2158=VERTEX_POINT('',#5753);
#2159=VERTEX_POINT('',#5755);
#2160=VERTEX_POINT('',#5757);
#2161=VERTEX_POINT('',#5759);
#2162=VERTEX_POINT('',#5763);
#2163=VERTEX_POINT('',#5767);
#2164=VERTEX_POINT('',#5771);
#2165=VERTEX_POINT('',#5772);
#2166=VERTEX_POINT('',#5774);
#2167=VERTEX_POINT('',#5776);
#2168=VERTEX_POINT('',#5778);
#2169=VERTEX_POINT('',#5783);
#2170=VERTEX_POINT('',#5787);
#2171=VERTEX_POINT('',#5789);
#2172=VERTEX_POINT('',#5791);
#2173=VERTEX_POINT('',#5793);
#2174=VERTEX_POINT('',#5830);
#2175=VERTEX_POINT('',#5832);
#2176=VERTEX_POINT('',#5834);
#2177=VERTEX_POINT('',#5838);
#2178=VERTEX_POINT('',#5840);
#2179=VERTEX_POINT('',#5843);
#2180=VERTEX_POINT('',#5845);
#2181=VERTEX_POINT('',#5847);
#2182=VERTEX_POINT('',#5849);
#2183=VERTEX_POINT('',#5851);
#2184=VERTEX_POINT('',#5853);
#2185=VERTEX_POINT('',#5855);
#2186=VERTEX_POINT('',#5857);
#2187=VERTEX_POINT('',#5859);
#2188=VERTEX_POINT('',#5861);
#2189=VERTEX_POINT('',#5865);
#2190=VERTEX_POINT('',#5867);
#2191=VERTEX_POINT('',#5869);
#2192=VERTEX_POINT('',#5871);
#2193=VERTEX_POINT('',#5873);
#2194=VERTEX_POINT('',#5875);
#2195=VERTEX_POINT('',#5877);
#2196=VERTEX_POINT('',#5879);
#2197=VERTEX_POINT('',#5881);
#2198=VERTEX_POINT('',#5883);
#2199=VERTEX_POINT('',#5886);
#2200=VERTEX_POINT('',#5888);
#2201=VERTEX_POINT('',#5897);
#2202=VERTEX_POINT('',#5899);
#2203=VERTEX_POINT('',#5901);
#2204=VERTEX_POINT('',#5903);
#2205=VERTEX_POINT('',#5909);
#2206=VERTEX_POINT('',#5911);
#2207=VERTEX_POINT('',#5913);
#2208=VERTEX_POINT('',#5915);
#2209=VERTEX_POINT('',#5918);
#2210=VERTEX_POINT('',#5920);
#2211=VERTEX_POINT('',#5922);
#2212=VERTEX_POINT('',#5924);
#2213=VERTEX_POINT('',#5928);
#2214=VERTEX_POINT('',#5929);
#2215=VERTEX_POINT('',#5931);
#2216=VERTEX_POINT('',#5933);
#2217=VERTEX_POINT('',#5935);
#2218=VERTEX_POINT('',#5937);
#2219=VERTEX_POINT('',#5947);
#2220=VERTEX_POINT('',#5951);
#2221=VERTEX_POINT('',#5953);
#2222=VERTEX_POINT('',#5958);
#2223=VERTEX_POINT('',#5974);
#2224=VERTEX_POINT('',#5975);
#2225=VERTEX_POINT('',#5993);
#2226=VERTEX_POINT('',#5995);
#2227=VERTEX_POINT('',#5999);
#2228=EDGE_CURVE('',#1872,#1873,#2769,.T.);
#2229=EDGE_CURVE('',#1873,#1874,#2770,.T.);
#2230=EDGE_CURVE('',#1875,#1874,#2771,.T.);
#2231=EDGE_CURVE('',#1875,#1872,#2772,.T.);
#2232=EDGE_CURVE('',#1876,#1877,#2773,.T.);
#2233=EDGE_CURVE('',#1877,#1872,#2774,.T.);
#2234=EDGE_CURVE('',#1878,#1875,#2775,.T.);
#2235=EDGE_CURVE('',#1879,#1878,#2776,.T.);
#2236=EDGE_CURVE('',#1880,#1879,#2777,.T.);
#2237=EDGE_CURVE('',#1881,#1880,#2778,.T.);
#2238=EDGE_CURVE('',#1882,#1881,#2779,.T.);
#2239=EDGE_CURVE('',#1882,#1883,#2780,.T.);
#2240=EDGE_CURVE('',#1883,#1884,#2781,.T.);
#2241=EDGE_CURVE('',#1884,#1885,#2782,.T.);
#2242=EDGE_CURVE('',#1885,#1886,#2783,.T.);
#2243=EDGE_CURVE('',#1886,#1887,#2784,.T.);
#2244=EDGE_CURVE('',#1888,#1887,#2785,.T.);
#2245=EDGE_CURVE('',#1889,#1888,#2786,.T.);
#2246=EDGE_CURVE('',#1890,#1889,#2787,.T.);
#2247=EDGE_CURVE('',#1890,#1891,#2788,.T.);
#2248=EDGE_CURVE('',#1891,#1892,#2789,.T.);
#2249=EDGE_CURVE('',#1892,#1893,#2790,.T.);
#2250=EDGE_CURVE('',#1893,#1894,#2791,.T.);
#2251=EDGE_CURVE('',#1894,#1895,#2792,.T.);
#2252=EDGE_CURVE('',#1896,#1895,#2793,.T.);
#2253=EDGE_CURVE('',#1897,#1896,#2794,.T.);
#2254=EDGE_CURVE('',#1898,#1897,#2795,.T.);
#2255=EDGE_CURVE('',#1898,#1899,#2796,.T.);
#2256=EDGE_CURVE('',#1899,#1900,#2797,.T.);
#2257=EDGE_CURVE('',#1900,#1901,#2798,.T.);
#2258=EDGE_CURVE('',#1901,#1902,#2799,.T.);
#2259=EDGE_CURVE('',#1902,#1903,#2800,.T.);
#2260=EDGE_CURVE('',#1904,#1903,#2801,.T.);
#2261=EDGE_CURVE('',#1905,#1904,#2802,.T.);
#2262=EDGE_CURVE('',#1906,#1905,#2803,.T.);
#2263=EDGE_CURVE('',#1906,#1907,#2804,.T.);
#2264=EDGE_CURVE('',#1907,#1908,#2805,.T.);
#2265=EDGE_CURVE('',#1908,#1909,#2806,.T.);
#2266=EDGE_CURVE('',#1909,#1910,#2807,.T.);
#2267=EDGE_CURVE('',#1910,#1911,#2808,.T.);
#2268=EDGE_CURVE('',#1912,#1911,#2809,.T.);
#2269=EDGE_CURVE('',#1913,#1912,#2810,.T.);
#2270=EDGE_CURVE('',#1914,#1913,#2811,.T.);
#2271=EDGE_CURVE('',#1915,#1914,#2812,.T.);
#2272=EDGE_CURVE('',#1916,#1915,#2813,.T.);
#2273=EDGE_CURVE('',#1917,#1916,#2814,.T.);
#2274=EDGE_CURVE('',#1918,#1917,#2815,.T.);
#2275=EDGE_CURVE('',#1919,#1918,#2816,.T.);
#2276=EDGE_CURVE('',#1920,#1919,#2817,.T.);
#2277=EDGE_CURVE('',#1921,#1920,#2818,.T.);
#2278=EDGE_CURVE('',#1922,#1921,#2819,.T.);
#2279=EDGE_CURVE('',#1923,#1922,#2820,.T.);
#2280=EDGE_CURVE('',#1923,#1924,#2821,.T.);
#2281=EDGE_CURVE('',#1924,#1925,#2822,.T.);
#2282=EDGE_CURVE('',#1926,#1925,#2823,.T.);
#2283=EDGE_CURVE('',#1927,#1926,#2824,.T.);
#2284=EDGE_CURVE('',#1928,#1927,#2825,.T.);
#2285=EDGE_CURVE('',#1928,#1929,#2826,.T.);
#2286=EDGE_CURVE('',#1929,#1930,#2827,.T.);
#2287=EDGE_CURVE('',#1931,#1930,#2828,.T.);
#2288=EDGE_CURVE('',#1932,#1931,#2829,.T.);
#2289=EDGE_CURVE('',#1933,#1932,#2830,.T.);
#2290=EDGE_CURVE('',#1933,#1876,#2831,.T.);
#2291=EDGE_CURVE('',#1934,#1935,#2832,.T.);
#2292=EDGE_CURVE('',#1934,#1936,#2833,.T.);
#2293=EDGE_CURVE('',#1937,#1936,#2834,.T.);
#2294=EDGE_CURVE('',#1932,#1937,#2835,.T.);
#2295=EDGE_CURVE('',#1938,#1931,#2836,.T.);
#2296=EDGE_CURVE('',#1938,#1939,#2837,.T.);
#2297=EDGE_CURVE('',#1939,#1940,#2838,.T.);
#2298=EDGE_CURVE('',#1940,#1941,#2839,.T.);
#2299=EDGE_CURVE('',#1935,#1941,#2840,.T.);
#2300=EDGE_CURVE('',#1930,#1942,#2841,.T.);
#2301=EDGE_CURVE('',#1942,#1943,#2842,.T.);
#2302=EDGE_CURVE('',#1944,#1943,#2843,.T.);
#2303=EDGE_CURVE('',#1944,#1938,#2844,.T.);
#2304=EDGE_CURVE('',#1945,#1946,#2845,.T.);
#2305=EDGE_CURVE('',#1947,#1945,#2846,.T.);
#2306=EDGE_CURVE('',#1948,#1947,#2847,.T.);
#2307=EDGE_CURVE('',#1946,#1948,#2848,.T.);
#2308=EDGE_CURVE('',#1934,#1949,#2849,.T.);
#2309=EDGE_CURVE('',#1949,#1950,#2850,.T.);
#2310=EDGE_CURVE('',#1940,#1950,#2851,.T.);
#2311=EDGE_CURVE('',#1951,#1939,#2852,.T.);
#2312=EDGE_CURVE('',#1952,#1951,#2853,.T.);
#2313=EDGE_CURVE('',#1936,#1952,#2854,.T.);
#2314=EDGE_CURVE('',#1920,#1953,#2855,.T.);
#2315=EDGE_CURVE('',#1953,#1954,#2856,.T.);
#2316=EDGE_CURVE('',#1921,#1954,#2857,.T.);
#2317=EDGE_CURVE('',#1955,#1886,#2858,.T.);
#2318=EDGE_CURVE('',#1955,#1956,#2859,.T.);
#2319=EDGE_CURVE('',#1956,#1887,#2860,.T.);
#2320=EDGE_CURVE('',#1957,#1884,#2861,.T.);
#2321=EDGE_CURVE('',#1958,#1957,#2862,.T.);
#2322=EDGE_CURVE('',#1958,#1885,#2863,.T.);
#2323=EDGE_CURVE('',#1959,#1960,#2864,.T.);
#2324=EDGE_CURVE('',#1960,#1961,#2865,.T.);
#2325=EDGE_CURVE('',#1961,#1962,#2866,.T.);
#2326=EDGE_CURVE('',#1963,#1962,#2867,.T.);
#2327=EDGE_CURVE('',#1963,#1964,#2868,.T.);
#2328=EDGE_CURVE('',#1964,#1965,#2869,.T.);
#2329=EDGE_CURVE('',#1965,#1966,#2870,.T.);
#2330=EDGE_CURVE('',#1967,#1966,#2871,.T.);
#2331=EDGE_CURVE('',#1967,#1968,#2872,.T.);
#2332=EDGE_CURVE('',#1968,#1969,#2873,.T.);
#2333=EDGE_CURVE('',#1969,#1970,#2874,.T.);
#2334=EDGE_CURVE('',#1971,#1970,#2875,.T.);
#2335=EDGE_CURVE('',#1971,#1972,#2876,.T.);
#2336=EDGE_CURVE('',#1972,#1973,#2877,.T.);
#2337=EDGE_CURVE('',#1973,#1974,#2878,.T.);
#2338=EDGE_CURVE('',#1974,#1975,#2879,.T.);
#2339=EDGE_CURVE('',#1976,#1975,#2880,.T.);
#2340=EDGE_CURVE('',#1977,#1976,#2881,.T.);
#2341=EDGE_CURVE('',#1978,#1977,#2882,.T.);
#2342=EDGE_CURVE('',#1979,#1978,#2883,.T.);
#2343=EDGE_CURVE('',#1980,#1979,#2884,.T.);
#2344=EDGE_CURVE('',#1981,#1980,#2885,.T.);
#2345=EDGE_CURVE('',#1982,#1981,#2886,.T.);
#2346=EDGE_CURVE('',#1983,#1982,#2887,.T.);
#2347=EDGE_CURVE('',#1984,#1983,#2888,.T.);
#2348=EDGE_CURVE('',#1985,#1984,#2889,.T.);
#2349=EDGE_CURVE('',#1985,#1986,#2890,.T.);
#2350=EDGE_CURVE('',#1959,#1986,#2891,.T.);
#2351=EDGE_CURVE('',#1987,#1961,#2892,.T.);
#2352=EDGE_CURVE('',#1988,#1987,#2893,.T.);
#2353=EDGE_CURVE('',#1988,#1986,#2894,.T.);
#2354=EDGE_CURVE('',#1989,#1985,#2895,.T.);
#2355=EDGE_CURVE('',#1990,#1989,#2896,.T.);
#2356=EDGE_CURVE('',#1974,#1990,#2897,.T.);
#2357=EDGE_CURVE('',#1991,#1973,#2898,.T.);
#2358=EDGE_CURVE('',#1992,#1991,#2899,.T.);
#2359=EDGE_CURVE('',#1992,#1970,#2900,.T.);
#2360=EDGE_CURVE('',#1993,#1969,#2901,.T.);
#2361=EDGE_CURVE('',#1994,#1993,#2902,.T.);
#2362=EDGE_CURVE('',#1994,#1966,#2903,.T.);
#2363=EDGE_CURVE('',#1995,#1965,#2904,.T.);
#2364=EDGE_CURVE('',#1996,#1995,#2905,.T.);
#2365=EDGE_CURVE('',#1996,#1962,#2906,.T.);
#2366=EDGE_CURVE('',#1997,#1888,#2907,.T.);
#2367=EDGE_CURVE('',#1998,#1997,#2908,.T.);
#2368=EDGE_CURVE('',#1998,#1881,#2909,.T.);
#2369=EDGE_CURVE('',#1999,#1880,#2910,.T.);
#2370=EDGE_CURVE('',#1999,#2000,#2911,.T.);
#2371=EDGE_CURVE('',#2000,#1913,#2912,.T.);
#2372=EDGE_CURVE('',#2001,#1912,#2913,.T.);
#2373=EDGE_CURVE('',#2002,#2001,#2914,.T.);
#2374=EDGE_CURVE('',#2002,#1905,#2915,.T.);
#2375=EDGE_CURVE('',#2003,#1904,#2916,.T.);
#2376=EDGE_CURVE('',#2004,#2003,#2917,.T.);
#2377=EDGE_CURVE('',#2004,#1897,#2918,.T.);
#2378=EDGE_CURVE('',#2005,#1896,#2919,.T.);
#2379=EDGE_CURVE('',#2006,#2005,#2920,.T.);
#2380=EDGE_CURVE('',#2006,#1889,#2921,.T.);
#2381=EDGE_CURVE('',#2007,#1894,#2922,.T.);
#2382=EDGE_CURVE('',#2007,#2008,#2923,.T.);
#2383=EDGE_CURVE('',#2008,#1895,#2924,.T.);
#2384=EDGE_CURVE('',#2009,#1892,#2925,.T.);
#2385=EDGE_CURVE('',#2010,#2009,#2926,.T.);
#2386=EDGE_CURVE('',#2010,#1893,#2927,.T.);
#2387=EDGE_CURVE('',#2011,#1902,#2928,.T.);
#2388=EDGE_CURVE('',#2011,#2012,#2929,.T.);
#2389=EDGE_CURVE('',#2012,#1903,#2930,.T.);
#2390=EDGE_CURVE('',#2013,#1900,#2931,.T.);
#2391=EDGE_CURVE('',#2014,#2013,#2932,.T.);
#2392=EDGE_CURVE('',#2014,#1901,#2933,.T.);
#2393=EDGE_CURVE('',#2015,#1910,#2934,.T.);
#2394=EDGE_CURVE('',#2015,#2016,#2935,.T.);
#2395=EDGE_CURVE('',#2016,#1911,#2936,.T.);
#2396=EDGE_CURVE('',#2017,#1908,#2937,.T.);
#2397=EDGE_CURVE('',#2018,#2017,#2938,.T.);
#2398=EDGE_CURVE('',#2018,#1909,#2939,.T.);
#2399=EDGE_CURVE('',#1915,#2019,#2940,.T.);
#2400=EDGE_CURVE('',#2020,#1914,#2941,.T.);
#2401=EDGE_CURVE('',#2019,#2020,#2942,.T.);
#2402=EDGE_CURVE('',#2021,#2022,#2943,.T.);
#2403=EDGE_CURVE('',#1976,#2021,#2944,.T.);
#2404=EDGE_CURVE('',#2023,#1975,#2945,.T.);
#2405=EDGE_CURVE('',#2023,#2024,#2946,.T.);
#2406=EDGE_CURVE('',#1954,#2024,#2947,.T.);
#2407=EDGE_CURVE('',#2022,#1953,#2948,.T.);
#2408=EDGE_CURVE('',#1937,#2025,#2949,.T.);
#2409=EDGE_CURVE('',#1952,#1984,#2950,.T.);
#2410=EDGE_CURVE('',#1983,#1874,#2951,.T.);
#2411=EDGE_CURVE('',#2025,#1873,#2952,.T.);
#2412=EDGE_CURVE('',#2026,#1878,#2953,.T.);
#2413=EDGE_CURVE('',#2027,#2026,#2954,.T.);
#2414=EDGE_CURVE('',#2027,#1879,#2955,.T.);
#2415=EDGE_CURVE('',#2028,#1951,#2956,.T.);
#2416=EDGE_CURVE('',#1989,#2028,#2957,.T.);
#2417=EDGE_CURVE('',#2029,#2030,#2958,.T.);
#2418=EDGE_CURVE('',#2029,#2023,#2959,.T.);
#2419=EDGE_CURVE('',#1990,#2030,#2960,.T.);
#2420=EDGE_CURVE('',#2031,#2032,#2961,.T.);
#2421=EDGE_CURVE('',#2031,#2029,#2962,.T.);
#2422=EDGE_CURVE('',#2030,#2033,#2963,.T.);
#2423=EDGE_CURVE('',#2034,#2033,#2964,.T.);
#2424=EDGE_CURVE('',#2032,#2034,#2965,.T.);
#2425=EDGE_CURVE('',#2035,#1944,#2966,.T.);
#2426=EDGE_CURVE('',#2035,#2028,#2967,.T.);
#2427=EDGE_CURVE('',#2024,#2036,#2968,.T.);
#2428=EDGE_CURVE('',#2036,#2037,#2969,.T.);
#2429=EDGE_CURVE('',#2037,#2038,#2970,.T.);
#2430=EDGE_CURVE('',#2039,#2038,#2971,.T.);
#2431=EDGE_CURVE('',#2039,#2031,#2972,.T.);
#2432=EDGE_CURVE('',#2032,#1922,#2973,.T.);
#2433=EDGE_CURVE('',#2000,#1979,#2974,.T.);
#2434=EDGE_CURVE('',#2020,#1978,#2975,.T.);
#2435=EDGE_CURVE('',#2040,#2041,#2976,.T.);
#2436=EDGE_CURVE('',#2040,#1927,#2977,.T.);
#2437=EDGE_CURVE('',#2042,#1926,#2978,.T.);
#2438=EDGE_CURVE('',#2043,#2042,#2979,.T.);
#2439=EDGE_CURVE('',#2044,#2043,#2980,.T.);
#2440=EDGE_CURVE('',#2045,#2044,#2981,.T.);
#2441=EDGE_CURVE('',#2041,#2045,#2982,.T.);
#2442=EDGE_CURVE('',#2046,#2047,#2983,.T.);
#2443=EDGE_CURVE('',#2048,#2046,#2984,.T.);
#2444=EDGE_CURVE('',#2047,#2048,#2985,.T.);
#2445=EDGE_CURVE('',#2049,#2035,#2986,.T.);
#2446=EDGE_CURVE('',#2050,#2049,#2987,.T.);
#2447=EDGE_CURVE('',#2051,#2050,#2988,.T.);
#2448=EDGE_CURVE('',#2052,#2051,#2989,.T.);
#2449=EDGE_CURVE('',#2053,#2052,#2990,.T.);
#2450=EDGE_CURVE('',#2054,#2053,#2991,.T.);
#2451=EDGE_CURVE('',#2033,#2054,#2992,.T.);
#2452=EDGE_CURVE('',#2027,#1981,#2993,.T.);
#2453=EDGE_CURVE('',#1999,#1980,#2994,.T.);
#2454=EDGE_CURVE('',#2055,#2056,#2995,.T.);
#2455=EDGE_CURVE('',#2056,#2057,#2996,.T.);
#2456=EDGE_CURVE('',#2057,#2058,#2997,.T.);
#2457=EDGE_CURVE('',#2058,#2055,#2998,.T.);
#2458=EDGE_CURVE('',#2034,#2059,#2999,.T.);
#2459=EDGE_CURVE('',#2059,#2060,#3000,.T.);
#2460=EDGE_CURVE('',#1923,#2060,#3001,.T.);
#2461=EDGE_CURVE('',#2042,#2054,#3002,.T.);
#2462=EDGE_CURVE('',#1925,#2061,#3003,.T.);
#2463=EDGE_CURVE('',#2061,#2059,#3004,.T.);
#2464=EDGE_CURVE('',#1943,#2062,#3005,.T.);
#2465=EDGE_CURVE('',#1928,#2062,#3006,.T.);
#2466=EDGE_CURVE('',#2040,#2049,#3007,.T.);
#2467=EDGE_CURVE('',#2053,#2043,#3008,.T.);
#2468=EDGE_CURVE('',#2052,#2044,#3009,.T.);
#2469=EDGE_CURVE('',#2051,#2045,#3010,.T.);
#2470=EDGE_CURVE('',#2050,#2041,#3011,.T.);
#2471=EDGE_CURVE('',#2026,#1982,#3012,.T.);
#2472=EDGE_CURVE('',#1977,#2019,#3013,.T.);
#2473=EDGE_CURVE('',#1929,#2063,#3014,.T.);
#2474=EDGE_CURVE('',#2063,#1942,#3015,.T.);
#2475=EDGE_CURVE('',#2062,#2063,#3016,.T.);
#2476=EDGE_CURVE('',#1924,#2064,#3017,.T.);
#2477=EDGE_CURVE('',#2064,#2061,#3018,.T.);
#2478=EDGE_CURVE('',#2060,#2064,#3019,.T.);
#2479=EDGE_CURVE('',#1916,#2021,#3020,.T.);
#2480=EDGE_CURVE('',#2036,#2065,#3021,.T.);
#2481=EDGE_CURVE('',#2039,#2066,#3022,.T.);
#2482=EDGE_CURVE('',#2065,#2066,#3023,.T.);
#2483=EDGE_CURVE('',#1933,#2025,#3024,.T.);
#2484=EDGE_CURVE('',#1917,#2022,#3025,.T.);
#2485=EDGE_CURVE('',#2067,#2002,#3026,.T.);
#2486=EDGE_CURVE('',#2067,#2068,#3027,.T.);
#2487=EDGE_CURVE('',#2068,#1906,#3028,.T.);
#2488=EDGE_CURVE('',#2069,#2016,#3029,.T.);
#2489=EDGE_CURVE('',#2001,#2069,#3030,.T.);
#2490=EDGE_CURVE('',#2016,#2068,#3031,.T.);
#2491=EDGE_CURVE('',#2069,#2067,#3032,.T.);
#2492=EDGE_CURVE('',#1971,#2070,#3033,.T.);
#2493=EDGE_CURVE('',#2071,#1992,#52,.T.);
#2494=EDGE_CURVE('',#2072,#2071,#3034,.T.);
#2495=EDGE_CURVE('',#2073,#2072,#3035,.T.);
#2496=EDGE_CURVE('',#2074,#2073,#3036,.T.);
#2497=EDGE_CURVE('',#2070,#2074,#3037,.T.);
#2498=EDGE_CURVE('',#1972,#2075,#3038,.T.);
#2499=EDGE_CURVE('',#2075,#2076,#3039,.T.);
#2500=EDGE_CURVE('',#2076,#2077,#3040,.T.);
#2501=EDGE_CURVE('',#2077,#2078,#3041,.T.);
#2502=EDGE_CURVE('',#2078,#2079,#3042,.T.);
#2503=EDGE_CURVE('',#2079,#1991,#53,.T.);
#2504=EDGE_CURVE('',#2079,#2071,#3043,.T.);
#2505=EDGE_CURVE('',#2078,#2072,#3044,.T.);
#2506=EDGE_CURVE('',#2077,#2073,#3045,.T.);
#2507=EDGE_CURVE('',#2076,#2074,#3046,.T.);
#2508=EDGE_CURVE('',#2075,#2070,#3047,.T.);
#2509=EDGE_CURVE('',#2017,#2080,#3048,.T.);
#2510=EDGE_CURVE('',#2068,#2080,#3049,.T.);
#2511=EDGE_CURVE('',#2015,#2018,#3050,.T.);
#2512=EDGE_CURVE('',#2080,#1907,#3051,.T.);
#2513=EDGE_CURVE('',#2081,#2004,#3052,.T.);
#2514=EDGE_CURVE('',#2081,#2082,#3053,.T.);
#2515=EDGE_CURVE('',#2082,#1898,#3054,.T.);
#2516=EDGE_CURVE('',#2083,#2012,#3055,.T.);
#2517=EDGE_CURVE('',#2003,#2083,#3056,.T.);
#2518=EDGE_CURVE('',#2012,#2082,#3057,.T.);
#2519=EDGE_CURVE('',#2083,#2081,#3058,.T.);
#2520=EDGE_CURVE('',#1967,#2084,#3059,.T.);
#2521=EDGE_CURVE('',#2085,#1994,#54,.T.);
#2522=EDGE_CURVE('',#2086,#2085,#3060,.T.);
#2523=EDGE_CURVE('',#2087,#2086,#3061,.T.);
#2524=EDGE_CURVE('',#2088,#2087,#3062,.T.);
#2525=EDGE_CURVE('',#2084,#2088,#3063,.T.);
#2526=EDGE_CURVE('',#1968,#2089,#3064,.T.);
#2527=EDGE_CURVE('',#2089,#2090,#3065,.T.);
#2528=EDGE_CURVE('',#2090,#2091,#3066,.T.);
#2529=EDGE_CURVE('',#2091,#2092,#3067,.T.);
#2530=EDGE_CURVE('',#2092,#2093,#3068,.T.);
#2531=EDGE_CURVE('',#2093,#1993,#55,.T.);
#2532=EDGE_CURVE('',#2093,#2085,#3069,.T.);
#2533=EDGE_CURVE('',#2092,#2086,#3070,.T.);
#2534=EDGE_CURVE('',#2091,#2087,#3071,.T.);
#2535=EDGE_CURVE('',#2090,#2088,#3072,.T.);
#2536=EDGE_CURVE('',#2089,#2084,#3073,.T.);
#2537=EDGE_CURVE('',#2013,#2094,#3074,.T.);
#2538=EDGE_CURVE('',#2082,#2094,#3075,.T.);
#2539=EDGE_CURVE('',#2011,#2014,#3076,.T.);
#2540=EDGE_CURVE('',#2094,#1899,#3077,.T.);
#2541=EDGE_CURVE('',#2095,#2006,#3078,.T.);
#2542=EDGE_CURVE('',#2095,#2096,#3079,.T.);
#2543=EDGE_CURVE('',#2096,#1890,#3080,.T.);
#2544=EDGE_CURVE('',#2097,#2008,#3081,.T.);
#2545=EDGE_CURVE('',#2005,#2097,#3082,.T.);
#2546=EDGE_CURVE('',#2008,#2096,#3083,.T.);
#2547=EDGE_CURVE('',#2097,#2095,#3084,.T.);
#2548=EDGE_CURVE('',#1963,#2098,#3085,.T.);
#2549=EDGE_CURVE('',#2099,#1996,#56,.T.);
#2550=EDGE_CURVE('',#2100,#2099,#3086,.T.);
#2551=EDGE_CURVE('',#2101,#2100,#3087,.T.);
#2552=EDGE_CURVE('',#2102,#2101,#3088,.T.);
#2553=EDGE_CURVE('',#2098,#2102,#3089,.T.);
#2554=EDGE_CURVE('',#1964,#2103,#3090,.T.);
#2555=EDGE_CURVE('',#2103,#2104,#3091,.T.);
#2556=EDGE_CURVE('',#2104,#2105,#3092,.T.);
#2557=EDGE_CURVE('',#2105,#2106,#3093,.T.);
#2558=EDGE_CURVE('',#2106,#2107,#3094,.T.);
#2559=EDGE_CURVE('',#2107,#1995,#57,.T.);
#2560=EDGE_CURVE('',#2107,#2099,#3095,.T.);
#2561=EDGE_CURVE('',#2106,#2100,#3096,.T.);
#2562=EDGE_CURVE('',#2105,#2101,#3097,.T.);
#2563=EDGE_CURVE('',#2104,#2102,#3098,.T.);
#2564=EDGE_CURVE('',#2103,#2098,#3099,.T.);
#2565=EDGE_CURVE('',#2009,#2108,#3100,.T.);
#2566=EDGE_CURVE('',#2096,#2108,#3101,.T.);
#2567=EDGE_CURVE('',#2007,#2010,#3102,.T.);
#2568=EDGE_CURVE('',#2108,#1891,#3103,.T.);
#2569=EDGE_CURVE('',#2109,#1998,#3104,.T.);
#2570=EDGE_CURVE('',#2109,#2110,#3105,.T.);
#2571=EDGE_CURVE('',#2110,#1882,#3106,.T.);
#2572=EDGE_CURVE('',#2111,#1956,#3107,.T.);
#2573=EDGE_CURVE('',#1997,#2111,#3108,.T.);
#2574=EDGE_CURVE('',#1956,#2110,#3109,.T.);
#2575=EDGE_CURVE('',#2111,#2109,#3110,.T.);
#2576=EDGE_CURVE('',#1959,#2112,#3111,.T.);
#2577=EDGE_CURVE('',#2113,#1988,#58,.T.);
#2578=EDGE_CURVE('',#2114,#2113,#3112,.T.);
#2579=EDGE_CURVE('',#2115,#2114,#3113,.T.);
#2580=EDGE_CURVE('',#2116,#2115,#3114,.T.);
#2581=EDGE_CURVE('',#2112,#2116,#3115,.T.);
#2582=EDGE_CURVE('',#1960,#2117,#3116,.T.);
#2583=EDGE_CURVE('',#2117,#2118,#3117,.T.);
#2584=EDGE_CURVE('',#2118,#2119,#3118,.T.);
#2585=EDGE_CURVE('',#2119,#2120,#3119,.T.);
#2586=EDGE_CURVE('',#2120,#2121,#3120,.T.);
#2587=EDGE_CURVE('',#2121,#1987,#59,.T.);
#2588=EDGE_CURVE('',#2121,#2113,#3121,.T.);
#2589=EDGE_CURVE('',#2120,#2114,#3122,.T.);
#2590=EDGE_CURVE('',#2119,#2115,#3123,.T.);
#2591=EDGE_CURVE('',#2118,#2116,#3124,.T.);
#2592=EDGE_CURVE('',#2117,#2112,#3125,.T.);
#2593=EDGE_CURVE('',#1957,#2122,#3126,.T.);
#2594=EDGE_CURVE('',#2110,#2122,#3127,.T.);
#2595=EDGE_CURVE('',#1955,#1958,#3128,.T.);
#2596=EDGE_CURVE('',#2122,#1883,#3129,.T.);
#2597=EDGE_CURVE('',#1918,#2123,#3130,.T.);
#2598=EDGE_CURVE('',#2124,#2022,#3131,.T.);
#2599=EDGE_CURVE('',#2125,#2124,#3132,.T.);
#2600=EDGE_CURVE('',#2125,#2126,#3133,.T.);
#2601=EDGE_CURVE('',#2127,#2126,#3134,.T.);
#2602=EDGE_CURVE('',#2128,#2127,#3135,.T.);
#2603=EDGE_CURVE('',#2129,#2128,#3136,.T.);
#2604=EDGE_CURVE('',#2130,#2129,#3137,.T.);
#2605=EDGE_CURVE('',#2131,#2130,#3138,.T.);
#2606=EDGE_CURVE('',#2132,#2131,#3139,.T.);
#2607=EDGE_CURVE('',#2133,#2132,#3140,.T.);
#2608=EDGE_CURVE('',#2134,#2133,#3141,.T.);
#2609=EDGE_CURVE('',#2058,#2134,#3142,.T.);
#2610=EDGE_CURVE('',#2135,#2057,#3143,.T.);
#2611=EDGE_CURVE('',#2123,#2135,#3144,.T.);
#2612=EDGE_CURVE('',#1919,#2136,#3145,.T.);
#2613=EDGE_CURVE('',#2136,#2137,#3146,.T.);
#2614=EDGE_CURVE('',#2137,#2056,#3147,.T.);
#2615=EDGE_CURVE('',#2055,#2138,#3148,.T.);
#2616=EDGE_CURVE('',#2138,#2139,#3149,.T.);
#2617=EDGE_CURVE('',#2140,#2139,#3150,.T.);
#2618=EDGE_CURVE('',#2140,#2141,#3151,.T.);
#2619=EDGE_CURVE('',#2142,#2141,#3152,.T.);
#2620=EDGE_CURVE('',#2143,#2142,#3153,.T.);
#2621=EDGE_CURVE('',#2144,#2143,#3154,.T.);
#2622=EDGE_CURVE('',#2144,#2145,#3155,.T.);
#2623=EDGE_CURVE('',#2146,#2145,#3156,.T.);
#2624=EDGE_CURVE('',#2147,#2146,#3157,.T.);
#2625=EDGE_CURVE('',#2147,#2148,#3158,.T.);
#2626=EDGE_CURVE('',#2148,#1953,#3159,.T.);
#2627=EDGE_CURVE('',#2135,#2137,#3160,.T.);
#2628=EDGE_CURVE('',#2134,#2138,#3161,.T.);
#2629=EDGE_CURVE('',#2149,#2065,#60,.T.);
#2630=EDGE_CURVE('',#2150,#2149,#3162,.T.);
#2631=EDGE_CURVE('',#2151,#2150,#3163,.T.);
#2632=EDGE_CURVE('',#2152,#2151,#3164,.T.);
#2633=EDGE_CURVE('',#2153,#2152,#61,.T.);
#2634=EDGE_CURVE('',#2153,#2148,#3165,.T.);
#2635=EDGE_CURVE('',#2037,#2147,#62,.T.);
#2636=EDGE_CURVE('',#2038,#2146,#63,.T.);
#2637=EDGE_CURVE('',#2145,#2154,#64,.T.);
#2638=EDGE_CURVE('',#2154,#2155,#3166,.T.);
#2639=EDGE_CURVE('',#2155,#2156,#3167,.T.);
#2640=EDGE_CURVE('',#2156,#2157,#3168,.T.);
#2641=EDGE_CURVE('',#2157,#2127,#65,.T.);
#2642=EDGE_CURVE('',#2126,#2158,#66,.T.);
#2643=EDGE_CURVE('',#2158,#2159,#3169,.T.);
#2644=EDGE_CURVE('',#2159,#2160,#3170,.T.);
#2645=EDGE_CURVE('',#2160,#2161,#3171,.T.);
#2646=EDGE_CURVE('',#2161,#2066,#67,.T.);
#2647=EDGE_CURVE('',#2128,#2162,#68,.T.);
#2648=EDGE_CURVE('',#2162,#2157,#3172,.T.);
#2649=EDGE_CURVE('',#2163,#2144,#69,.T.);
#2650=EDGE_CURVE('',#2163,#2154,#3173,.T.);
#2651=EDGE_CURVE('',#2164,#2165,#3174,.T.);
#2652=EDGE_CURVE('',#2164,#2166,#3175,.T.);
#2653=EDGE_CURVE('',#2167,#2166,#3176,.T.);
#2654=EDGE_CURVE('',#2168,#2167,#3177,.T.);
#2655=EDGE_CURVE('',#2168,#2155,#3178,.T.);
#2656=EDGE_CURVE('',#2165,#2163,#3179,.T.);
#2657=EDGE_CURVE('',#2169,#2168,#3180,.T.);
#2658=EDGE_CURVE('',#2169,#2156,#3181,.T.);
#2659=EDGE_CURVE('',#2162,#2170,#3182,.T.);
#2660=EDGE_CURVE('',#2171,#2169,#3183,.T.);
#2661=EDGE_CURVE('',#2171,#2172,#3184,.T.);
#2662=EDGE_CURVE('',#2173,#2172,#3185,.T.);
#2663=EDGE_CURVE('',#2173,#2170,#3186,.T.);
#2664=EDGE_CURVE('',#2172,#2131,#70,.T.);
#2665=EDGE_CURVE('',#2171,#2132,#71,.T.);
#2666=EDGE_CURVE('',#2125,#2153,#72,.T.);
#2667=EDGE_CURVE('',#2152,#2158,#3187,.T.);
#2668=EDGE_CURVE('',#2151,#2159,#3188,.T.);
#2669=EDGE_CURVE('',#2150,#2160,#3189,.T.);
#2670=EDGE_CURVE('',#2149,#2161,#3190,.T.);
#2671=EDGE_CURVE('',#2141,#2166,#73,.T.);
#2672=EDGE_CURVE('',#2140,#2167,#74,.T.);
#2673=EDGE_CURVE('',#2133,#2139,#3191,.T.);
#2674=EDGE_CURVE('',#2124,#2153,#3192,.T.);
#2675=EDGE_CURVE('',#2123,#2136,#3193,.T.);
#2676=EDGE_CURVE('',#2170,#2165,#3194,.T.);
#2677=EDGE_CURVE('',#2143,#2129,#3195,.T.);
#2678=EDGE_CURVE('',#2142,#2130,#3196,.T.);
#2679=EDGE_CURVE('',#2164,#2173,#3197,.T.);
#2680=EDGE_CURVE('',#2174,#2025,#3198,.T.);
#2681=EDGE_CURVE('',#2175,#1873,#3199,.T.);
#2682=EDGE_CURVE('',#2175,#2176,#3200,.T.);
#2683=EDGE_CURVE('',#2176,#2174,#3201,.T.);
#2684=EDGE_CURVE('',#1877,#2177,#3202,.T.);
#2685=EDGE_CURVE('',#2177,#2178,#3203,.T.);
#2686=EDGE_CURVE('',#2178,#1946,#3204,.T.);
#2687=EDGE_CURVE('',#1948,#2179,#3205,.T.);
#2688=EDGE_CURVE('',#2179,#2180,#3206,.T.);
#2689=EDGE_CURVE('',#2180,#2181,#3207,.T.);
#2690=EDGE_CURVE('',#2181,#2182,#3208,.T.);
#2691=EDGE_CURVE('',#2182,#2183,#3209,.T.);
#2692=EDGE_CURVE('',#2183,#2184,#3210,.T.);
#2693=EDGE_CURVE('',#2184,#2185,#3211,.T.);
#2694=EDGE_CURVE('',#2185,#2186,#3212,.T.);
#2695=EDGE_CURVE('',#2186,#2187,#3213,.T.);
#2696=EDGE_CURVE('',#2188,#2187,#3214,.T.);
#2697=EDGE_CURVE('',#2188,#2175,#3215,.T.);
#2698=EDGE_CURVE('',#2189,#2174,#3216,.T.);
#2699=EDGE_CURVE('',#2189,#2190,#3217,.T.);
#2700=EDGE_CURVE('',#2190,#2191,#3218,.T.);
#2701=EDGE_CURVE('',#2192,#2191,#3219,.T.);
#2702=EDGE_CURVE('',#2192,#2193,#3220,.T.);
#2703=EDGE_CURVE('',#2193,#2194,#3221,.T.);
#2704=EDGE_CURVE('',#2194,#2195,#3222,.T.);
#2705=EDGE_CURVE('',#2196,#2195,#3223,.T.);
#2706=EDGE_CURVE('',#2196,#2197,#3224,.T.);
#2707=EDGE_CURVE('',#2198,#2197,#3225,.T.);
#2708=EDGE_CURVE('',#1947,#2198,#3226,.T.);
#2709=EDGE_CURVE('',#2199,#1945,#3227,.T.);
#2710=EDGE_CURVE('',#2200,#2199,#3228,.T.);
#2711=EDGE_CURVE('',#1876,#2200,#3229,.T.);
#2712=EDGE_CURVE('',#2178,#2199,#3230,.T.);
#2713=EDGE_CURVE('',#2179,#2198,#3231,.T.);
#2714=EDGE_CURVE('',#1935,#2189,#75,.T.);
#2715=EDGE_CURVE('',#2176,#2201,#76,.T.);
#2716=EDGE_CURVE('',#2201,#2202,#3232,.T.);
#2717=EDGE_CURVE('',#2202,#2203,#3233,.T.);
#2718=EDGE_CURVE('',#2203,#2204,#3234,.T.);
#2719=EDGE_CURVE('',#2204,#1949,#77,.T.);
#2720=EDGE_CURVE('',#1941,#2190,#78,.T.);
#2721=EDGE_CURVE('',#2205,#1950,#79,.T.);
#2722=EDGE_CURVE('',#2206,#2205,#3235,.T.);
#2723=EDGE_CURVE('',#2207,#2206,#3236,.T.);
#2724=EDGE_CURVE('',#2208,#2207,#3237,.T.);
#2725=EDGE_CURVE('',#2187,#2208,#80,.T.);
#2726=EDGE_CURVE('',#2209,#2186,#81,.T.);
#2727=EDGE_CURVE('',#2210,#2209,#3238,.T.);
#2728=EDGE_CURVE('',#2211,#2210,#3239,.T.);
#2729=EDGE_CURVE('',#2212,#2211,#3240,.T.);
#2730=EDGE_CURVE('',#2191,#2212,#82,.T.);
#2731=EDGE_CURVE('',#2213,#2214,#3241,.T.);
#2732=EDGE_CURVE('',#2215,#2214,#3242,.T.);
#2733=EDGE_CURVE('',#2215,#2216,#3243,.T.);
#2734=EDGE_CURVE('',#2217,#2216,#3244,.T.);
#2735=EDGE_CURVE('',#2217,#2218,#3245,.T.);
#2736=EDGE_CURVE('',#2218,#2210,#3246,.T.);
#2737=EDGE_CURVE('',#2213,#2209,#3247,.T.);
#2738=EDGE_CURVE('',#2185,#2213,#83,.T.);
#2739=EDGE_CURVE('',#2216,#2182,#84,.T.);
#2740=EDGE_CURVE('',#2217,#2181,#85,.T.);
#2741=EDGE_CURVE('',#2219,#2192,#86,.T.);
#2742=EDGE_CURVE('',#2219,#2212,#3248,.T.);
#2743=EDGE_CURVE('',#2195,#2220,#87,.T.);
#2744=EDGE_CURVE('',#2221,#2220,#3249,.T.);
#2745=EDGE_CURVE('',#2196,#2221,#88,.T.);
#2746=EDGE_CURVE('',#2180,#2197,#3250,.T.);
#2747=EDGE_CURVE('',#2222,#2221,#3251,.T.);
#2748=EDGE_CURVE('',#2218,#2222,#3252,.T.);
#2749=EDGE_CURVE('',#2222,#2211,#3253,.T.);
#2750=EDGE_CURVE('',#2201,#2208,#3254,.T.);
#2751=EDGE_CURVE('',#2188,#2176,#89,.T.);
#2752=EDGE_CURVE('',#2202,#2207,#3255,.T.);
#2753=EDGE_CURVE('',#2203,#2206,#3256,.T.);
#2754=EDGE_CURVE('',#2204,#2205,#3257,.T.);
#2755=EDGE_CURVE('',#2223,#2224,#3258,.T.);
#2756=EDGE_CURVE('',#2224,#2219,#3259,.T.);
#2757=EDGE_CURVE('',#2223,#2220,#3260,.T.);
#2758=EDGE_CURVE('',#2177,#2200,#3261,.T.);
#2759=EDGE_CURVE('',#2194,#2183,#3262,.T.);
#2760=EDGE_CURVE('',#2193,#2184,#3263,.T.);
#2761=EDGE_CURVE('',#2214,#2224,#3264,.T.);
#2762=EDGE_CURVE('',#2223,#2215,#3265,.T.);
#2763=EDGE_CURVE('',#2047,#2225,#3266,.T.);
#2764=EDGE_CURVE('',#2225,#2226,#3267,.T.);
#2765=EDGE_CURVE('',#2046,#2226,#3268,.T.);
#2766=EDGE_CURVE('',#2048,#2227,#3269,.T.);
#2767=EDGE_CURVE('',#2227,#2225,#3270,.T.);
#2768=EDGE_CURVE('',#2226,#2227,#3271,.T.);
#2769=LINE('',#4930,#3272);
#2770=LINE('',#4933,#3273);
#2771=LINE('',#4935,#3274);
#2772=LINE('',#4937,#3275);
#2773=LINE('',#4939,#3276);
#2774=LINE('',#4942,#3277);
#2775=LINE('',#4943,#3278);
#2776=LINE('',#4945,#3279);
#2777=LINE('',#4947,#3280);
#2778=LINE('',#4949,#3281);
#2779=LINE('',#4951,#3282);
#2780=LINE('',#4953,#3283);
#2781=LINE('',#4955,#3284);
#2782=LINE('',#4957,#3285);
#2783=LINE('',#4959,#3286);
#2784=LINE('',#4961,#3287);
#2785=LINE('',#4963,#3288);
#2786=LINE('',#4965,#3289);
#2787=LINE('',#4967,#3290);
#2788=LINE('',#4969,#3291);
#2789=LINE('',#4971,#3292);
#2790=LINE('',#4973,#3293);
#2791=LINE('',#4975,#3294);
#2792=LINE('',#4977,#3295);
#2793=LINE('',#4979,#3296);
#2794=LINE('',#4981,#3297);
#2795=LINE('',#4983,#3298);
#2796=LINE('',#4985,#3299);
#2797=LINE('',#4987,#3300);
#2798=LINE('',#4989,#3301);
#2799=LINE('',#4991,#3302);
#2800=LINE('',#4993,#3303);
#2801=LINE('',#4995,#3304);
#2802=LINE('',#4997,#3305);
#2803=LINE('',#4999,#3306);
#2804=LINE('',#5001,#3307);
#2805=LINE('',#5003,#3308);
#2806=LINE('',#5005,#3309);
#2807=LINE('',#5007,#3310);
#2808=LINE('',#5009,#3311);
#2809=LINE('',#5011,#3312);
#2810=LINE('',#5013,#3313);
#2811=LINE('',#5015,#3314);
#2812=LINE('',#5017,#3315);
#2813=LINE('',#5019,#3316);
#2814=LINE('',#5021,#3317);
#2815=LINE('',#5023,#3318);
#2816=LINE('',#5025,#3319);
#2817=LINE('',#5027,#3320);
#2818=LINE('',#5029,#3321);
#2819=LINE('',#5031,#3322);
#2820=LINE('',#5033,#3323);
#2821=LINE('',#5035,#3324);
#2822=LINE('',#5037,#3325);
#2823=LINE('',#5039,#3326);
#2824=LINE('',#5041,#3327);
#2825=LINE('',#5043,#3328);
#2826=LINE('',#5045,#3329);
#2827=LINE('',#5047,#3330);
#2828=LINE('',#5049,#3331);
#2829=LINE('',#5051,#3332);
#2830=LINE('',#5053,#3333);
#2831=LINE('',#5055,#3334);
#2832=LINE('',#5057,#3335);
#2833=LINE('',#5060,#3336);
#2834=LINE('',#5062,#3337);
#2835=LINE('',#5064,#3338);
#2836=LINE('',#5065,#3339);
#2837=LINE('',#5067,#3340);
#2838=LINE('',#5069,#3341);
#2839=LINE('',#5071,#3342);
#2840=LINE('',#5073,#3343);
#2841=LINE('',#5075,#3344);
#2842=LINE('',#5077,#3345);
#2843=LINE('',#5079,#3346);
#2844=LINE('',#5081,#3347);
#2845=LINE('',#5082,#3348);
#2846=LINE('',#5085,#3349);
#2847=LINE('',#5087,#3350);
#2848=LINE('',#5089,#3351);
#2849=LINE('',#5091,#3352);
#2850=LINE('',#5093,#3353);
#2851=LINE('',#5095,#3354);
#2852=LINE('',#5096,#3355);
#2853=LINE('',#5098,#3356);
#2854=LINE('',#5100,#3357);
#2855=LINE('',#5102,#3358);
#2856=LINE('',#5104,#3359);
#2857=LINE('',#5106,#3360);
#2858=LINE('',#5108,#3361);
#2859=LINE('',#5110,#3362);
#2860=LINE('',#5112,#3363);
#2861=LINE('',#5114,#3364);
#2862=LINE('',#5116,#3365);
#2863=LINE('',#5118,#3366);
#2864=LINE('',#5120,#3367);
#2865=LINE('',#5123,#3368);
#2866=LINE('',#5125,#3369);
#2867=LINE('',#5127,#3370);
#2868=LINE('',#5129,#3371);
#2869=LINE('',#5131,#3372);
#2870=LINE('',#5133,#3373);
#2871=LINE('',#5135,#3374);
#2872=LINE('',#5137,#3375);
#2873=LINE('',#5139,#3376);
#2874=LINE('',#5141,#3377);
#2875=LINE('',#5143,#3378);
#2876=LINE('',#5145,#3379);
#2877=LINE('',#5147,#3380);
#2878=LINE('',#5149,#3381);
#2879=LINE('',#5151,#3382);
#2880=LINE('',#5153,#3383);
#2881=LINE('',#5155,#3384);
#2882=LINE('',#5157,#3385);
#2883=LINE('',#5159,#3386);
#2884=LINE('',#5161,#3387);
#2885=LINE('',#5163,#3388);
#2886=LINE('',#5165,#3389);
#2887=LINE('',#5167,#3390);
#2888=LINE('',#5169,#3391);
#2889=LINE('',#5171,#3392);
#2890=LINE('',#5173,#3393);
#2891=LINE('',#5175,#3394);
#2892=LINE('',#5177,#3395);
#2893=LINE('',#5179,#3396);
#2894=LINE('',#5181,#3397);
#2895=LINE('',#5182,#3398);
#2896=LINE('',#5184,#3399);
#2897=LINE('',#5186,#3400);
#2898=LINE('',#5187,#3401);
#2899=LINE('',#5189,#3402);
#2900=LINE('',#5191,#3403);
#2901=LINE('',#5192,#3404);
#2902=LINE('',#5194,#3405);
#2903=LINE('',#5196,#3406);
#2904=LINE('',#5197,#3407);
#2905=LINE('',#5199,#3408);
#2906=LINE('',#5201,#3409);
#2907=LINE('',#5203,#3410);
#2908=LINE('',#5205,#3411);
#2909=LINE('',#5207,#3412);
#2910=LINE('',#5208,#3413);
#2911=LINE('',#5210,#3414);
#2912=LINE('',#5212,#3415);
#2913=LINE('',#5213,#3416);
#2914=LINE('',#5215,#3417);
#2915=LINE('',#5217,#3418);
#2916=LINE('',#5218,#3419);
#2917=LINE('',#5220,#3420);
#2918=LINE('',#5222,#3421);
#2919=LINE('',#5223,#3422);
#2920=LINE('',#5225,#3423);
#2921=LINE('',#5227,#3424);
#2922=LINE('',#5229,#3425);
#2923=LINE('',#5231,#3426);
#2924=LINE('',#5233,#3427);
#2925=LINE('',#5235,#3428);
#2926=LINE('',#5237,#3429);
#2927=LINE('',#5239,#3430);
#2928=LINE('',#5241,#3431);
#2929=LINE('',#5243,#3432);
#2930=LINE('',#5245,#3433);
#2931=LINE('',#5247,#3434);
#2932=LINE('',#5249,#3435);
#2933=LINE('',#5251,#3436);
#2934=LINE('',#5253,#3437);
#2935=LINE('',#5255,#3438);
#2936=LINE('',#5257,#3439);
#2937=LINE('',#5259,#3440);
#2938=LINE('',#5261,#3441);
#2939=LINE('',#5263,#3442);
#2940=LINE('',#5265,#3443);
#2941=LINE('',#5267,#3444);
#2942=LINE('',#5269,#3445);
#2943=LINE('',#5271,#3446);
#2944=LINE('',#5274,#3447);
#2945=LINE('',#5275,#3448);
#2946=LINE('',#5277,#3449);
#2947=LINE('',#5279,#3450);
#2948=LINE('',#5280,#3451);
#2949=LINE('',#5282,#3452);
#2950=LINE('',#5284,#3453);
#2951=LINE('',#5285,#3454);
#2952=LINE('',#5286,#3455);
#2953=LINE('',#5288,#3456);
#2954=LINE('',#5290,#3457);
#2955=LINE('',#5292,#3458);
#2956=LINE('',#5294,#3459);
#2957=LINE('',#5296,#3460);
#2958=LINE('',#5298,#3461);
#2959=LINE('',#5301,#3462);
#2960=LINE('',#5302,#3463);
#2961=LINE('',#5304,#3464);
#2962=LINE('',#5307,#3465);
#2963=LINE('',#5308,#3466);
#2964=LINE('',#5310,#3467);
#2965=LINE('',#5312,#3468);
#2966=LINE('',#5314,#3469);
#2967=LINE('',#5316,#3470);
#2968=LINE('',#5318,#3471);
#2969=LINE('',#5320,#3472);
#2970=LINE('',#5322,#3473);
#2971=LINE('',#5324,#3474);
#2972=LINE('',#5326,#3475);
#2973=LINE('',#5327,#3476);
#2974=LINE('',#5329,#3477);
#2975=LINE('',#5330,#3478);
#2976=LINE('',#5332,#3479);
#2977=LINE('',#5335,#3480);
#2978=LINE('',#5336,#3481);
#2979=LINE('',#5338,#3482);
#2980=LINE('',#5340,#3483);
#2981=LINE('',#5342,#3484);
#2982=LINE('',#5344,#3485);
#2983=LINE('',#5346,#3486);
#2984=LINE('',#5349,#3487);
#2985=LINE('',#5351,#3488);
#2986=LINE('',#5352,#3489);
#2987=LINE('',#5354,#3490);
#2988=LINE('',#5356,#3491);
#2989=LINE('',#5358,#3492);
#2990=LINE('',#5360,#3493);
#2991=LINE('',#5362,#3494);
#2992=LINE('',#5364,#3495);
#2993=LINE('',#5366,#3496);
#2994=LINE('',#5367,#3497);
#2995=LINE('',#5369,#3498);
#2996=LINE('',#5372,#3499);
#2997=LINE('',#5374,#3500);
#2998=LINE('',#5376,#3501);
#2999=LINE('',#5377,#3502);
#3000=LINE('',#5379,#3503);
#3001=LINE('',#5381,#3504);
#3002=LINE('',#5383,#3505);
#3003=LINE('',#5384,#3506);
#3004=LINE('',#5386,#3507);
#3005=LINE('',#5388,#3508);
#3006=LINE('',#5390,#3509);
#3007=LINE('',#5391,#3510);
#3008=LINE('',#5393,#3511);
#3009=LINE('',#5395,#3512);
#3010=LINE('',#5397,#3513);
#3011=LINE('',#5399,#3514);
#3012=LINE('',#5403,#3515);
#3013=LINE('',#5405,#3516);
#3014=LINE('',#5407,#3517);
#3015=LINE('',#5409,#3518);
#3016=LINE('',#5411,#3519);
#3017=LINE('',#5414,#3520);
#3018=LINE('',#5416,#3521);
#3019=LINE('',#5418,#3522);
#3020=LINE('',#5421,#3523);
#3021=LINE('',#5424,#3524);
#3022=LINE('',#5426,#3525);
#3023=LINE('',#5428,#3526);
#3024=LINE('',#5430,#3527);
#3025=LINE('',#5432,#3528);
#3026=LINE('',#5434,#3529);
#3027=LINE('',#5436,#3530);
#3028=LINE('',#5438,#3531);
#3029=LINE('',#5440,#3532);
#3030=LINE('',#5442,#3533);
#3031=LINE('',#5444,#3534);
#3032=LINE('',#5445,#3535);
#3033=LINE('',#5448,#3536);
#3034=LINE('',#5452,#3537);
#3035=LINE('',#5454,#3538);
#3036=LINE('',#5456,#3539);
#3037=LINE('',#5458,#3540);
#3038=LINE('',#5460,#3541);
#3039=LINE('',#5462,#3542);
#3040=LINE('',#5464,#3543);
#3041=LINE('',#5466,#3544);
#3042=LINE('',#5468,#3545);
#3043=LINE('',#5472,#3546);
#3044=LINE('',#5473,#3547);
#3045=LINE('',#5475,#3548);
#3046=LINE('',#5477,#3549);
#3047=LINE('',#5479,#3550);
#3048=LINE('',#5483,#3551);
#3049=LINE('',#5485,#3552);
#3050=LINE('',#5486,#3553);
#3051=LINE('',#5488,#3554);
#3052=LINE('',#5492,#3555);
#3053=LINE('',#5494,#3556);
#3054=LINE('',#5496,#3557);
#3055=LINE('',#5498,#3558);
#3056=LINE('',#5500,#3559);
#3057=LINE('',#5502,#3560);
#3058=LINE('',#5503,#3561);
#3059=LINE('',#5506,#3562);
#3060=LINE('',#5510,#3563);
#3061=LINE('',#5512,#3564);
#3062=LINE('',#5514,#3565);
#3063=LINE('',#5516,#3566);
#3064=LINE('',#5518,#3567);
#3065=LINE('',#5520,#3568);
#3066=LINE('',#5522,#3569);
#3067=LINE('',#5524,#3570);
#3068=LINE('',#5526,#3571);
#3069=LINE('',#5530,#3572);
#3070=LINE('',#5531,#3573);
#3071=LINE('',#5533,#3574);
#3072=LINE('',#5535,#3575);
#3073=LINE('',#5537,#3576);
#3074=LINE('',#5541,#3577);
#3075=LINE('',#5543,#3578);
#3076=LINE('',#5544,#3579);
#3077=LINE('',#5546,#3580);
#3078=LINE('',#5550,#3581);
#3079=LINE('',#5552,#3582);
#3080=LINE('',#5554,#3583);
#3081=LINE('',#5556,#3584);
#3082=LINE('',#5558,#3585);
#3083=LINE('',#5560,#3586);
#3084=LINE('',#5561,#3587);
#3085=LINE('',#5564,#3588);
#3086=LINE('',#5568,#3589);
#3087=LINE('',#5570,#3590);
#3088=LINE('',#5572,#3591);
#3089=LINE('',#5574,#3592);
#3090=LINE('',#5576,#3593);
#3091=LINE('',#5578,#3594);
#3092=LINE('',#5580,#3595);
#3093=LINE('',#5582,#3596);
#3094=LINE('',#5584,#3597);
#3095=LINE('',#5588,#3598);
#3096=LINE('',#5589,#3599);
#3097=LINE('',#5591,#3600);
#3098=LINE('',#5593,#3601);
#3099=LINE('',#5595,#3602);
#3100=LINE('',#5599,#3603);
#3101=LINE('',#5601,#3604);
#3102=LINE('',#5602,#3605);
#3103=LINE('',#5604,#3606);
#3104=LINE('',#5608,#3607);
#3105=LINE('',#5610,#3608);
#3106=LINE('',#5612,#3609);
#3107=LINE('',#5614,#3610);
#3108=LINE('',#5616,#3611);
#3109=LINE('',#5618,#3612);
#3110=LINE('',#5619,#3613);
#3111=LINE('',#5622,#3614);
#3112=LINE('',#5626,#3615);
#3113=LINE('',#5628,#3616);
#3114=LINE('',#5630,#3617);
#3115=LINE('',#5632,#3618);
#3116=LINE('',#5634,#3619);
#3117=LINE('',#5636,#3620);
#3118=LINE('',#5638,#3621);
#3119=LINE('',#5640,#3622);
#3120=LINE('',#5642,#3623);
#3121=LINE('',#5646,#3624);
#3122=LINE('',#5647,#3625);
#3123=LINE('',#5649,#3626);
#3124=LINE('',#5651,#3627);
#3125=LINE('',#5653,#3628);
#3126=LINE('',#5657,#3629);
#3127=LINE('',#5659,#3630);
#3128=LINE('',#5660,#3631);
#3129=LINE('',#5662,#3632);
#3130=LINE('',#5666,#3633);
#3131=LINE('',#5668,#3634);
#3132=LINE('',#5670,#3635);
#3133=LINE('',#5672,#3636);
#3134=LINE('',#5674,#3637);
#3135=LINE('',#5676,#3638);
#3136=LINE('',#5678,#3639);
#3137=LINE('',#5680,#3640);
#3138=LINE('',#5682,#3641);
#3139=LINE('',#5684,#3642);
#3140=LINE('',#5686,#3643);
#3141=LINE('',#5688,#3644);
#3142=LINE('',#5690,#3645);
#3143=LINE('',#5691,#3646);
#3144=LINE('',#5693,#3647);
#3145=LINE('',#5695,#3648);
#3146=LINE('',#5697,#3649);
#3147=LINE('',#5699,#3650);
#3148=LINE('',#5700,#3651);
#3149=LINE('',#5702,#3652);
#3150=LINE('',#5704,#3653);
#3151=LINE('',#5706,#3654);
#3152=LINE('',#5708,#3655);
#3153=LINE('',#5710,#3656);
#3154=LINE('',#5712,#3657);
#3155=LINE('',#5714,#3658);
#3156=LINE('',#5716,#3659);
#3157=LINE('',#5718,#3660);
#3158=LINE('',#5720,#3661);
#3159=LINE('',#5722,#3662);
#3160=LINE('',#5724,#3663);
#3161=LINE('',#5726,#3664);
#3162=LINE('',#5730,#3665);
#3163=LINE('',#5732,#3666);
#3164=LINE('',#5734,#3667);
#3165=LINE('',#5738,#3668);
#3166=LINE('',#5745,#3669);
#3167=LINE('',#5747,#3670);
#3168=LINE('',#5749,#3671);
#3169=LINE('',#5754,#3672);
#3170=LINE('',#5756,#3673);
#3171=LINE('',#5758,#3674);
#3172=LINE('',#5764,#3675);
#3173=LINE('',#5768,#3676);
#3174=LINE('',#5770,#3677);
#3175=LINE('',#5773,#3678);
#3176=LINE('',#5775,#3679);
#3177=LINE('',#5777,#3680);
#3178=LINE('',#5779,#3681);
#3179=LINE('',#5780,#3682);
#3180=LINE('',#5782,#3683);
#3181=LINE('',#5784,#3684);
#3182=LINE('',#5786,#3685);
#3183=LINE('',#5788,#3686);
#3184=LINE('',#5790,#3687);
#3185=LINE('',#5792,#3688);
#3186=LINE('',#5794,#3689);
#3187=LINE('',#5800,#3690);
#3188=LINE('',#5802,#3691);
#3189=LINE('',#5804,#3692);
#3190=LINE('',#5806,#3693);
#3191=LINE('',#5812,#3694);
#3192=LINE('',#5814,#3695);
#3193=LINE('',#5816,#3696);
#3194=LINE('',#5821,#3697);
#3195=LINE('',#5822,#3698);
#3196=LINE('',#5824,#3699);
#3197=LINE('',#5826,#3700);
#3198=LINE('',#5829,#3701);
#3199=LINE('',#5831,#3702);
#3200=LINE('',#5833,#3703);
#3201=LINE('',#5835,#3704);
#3202=LINE('',#5837,#3705);
#3203=LINE('',#5839,#3706);
#3204=LINE('',#5841,#3707);
#3205=LINE('',#5842,#3708);
#3206=LINE('',#5844,#3709);
#3207=LINE('',#5846,#3710);
#3208=LINE('',#5848,#3711);
#3209=LINE('',#5850,#3712);
#3210=LINE('',#5852,#3713);
#3211=LINE('',#5854,#3714);
#3212=LINE('',#5856,#3715);
#3213=LINE('',#5858,#3716);
#3214=LINE('',#5860,#3717);
#3215=LINE('',#5862,#3718);
#3216=LINE('',#5864,#3719);
#3217=LINE('',#5866,#3720);
#3218=LINE('',#5868,#3721);
#3219=LINE('',#5870,#3722);
#3220=LINE('',#5872,#3723);
#3221=LINE('',#5874,#3724);
#3222=LINE('',#5876,#3725);
#3223=LINE('',#5878,#3726);
#3224=LINE('',#5880,#3727);
#3225=LINE('',#5882,#3728);
#3226=LINE('',#5884,#3729);
#3227=LINE('',#5885,#3730);
#3228=LINE('',#5887,#3731);
#3229=LINE('',#5889,#3732);
#3230=LINE('',#5891,#3733);
#3231=LINE('',#5893,#3734);
#3232=LINE('',#5898,#3735);
#3233=LINE('',#5900,#3736);
#3234=LINE('',#5902,#3737);
#3235=LINE('',#5910,#3738);
#3236=LINE('',#5912,#3739);
#3237=LINE('',#5914,#3740);
#3238=LINE('',#5919,#3741);
#3239=LINE('',#5921,#3742);
#3240=LINE('',#5923,#3743);
#3241=LINE('',#5927,#3744);
#3242=LINE('',#5930,#3745);
#3243=LINE('',#5932,#3746);
#3244=LINE('',#5934,#3747);
#3245=LINE('',#5936,#3748);
#3246=LINE('',#5938,#3749);
#3247=LINE('',#5939,#3750);
#3248=LINE('',#5948,#3751);
#3249=LINE('',#5952,#3752);
#3250=LINE('',#5956,#3753);
#3251=LINE('',#5957,#3754);
#3252=LINE('',#5959,#3755);
#3253=LINE('',#5961,#3756);
#3254=LINE('',#5963,#3757);
#3255=LINE('',#5966,#3758);
#3256=LINE('',#5968,#3759);
#3257=LINE('',#5970,#3760);
#3258=LINE('',#5973,#3761);
#3259=LINE('',#5976,#3762);
#3260=LINE('',#5977,#3763);
#3261=LINE('',#5981,#3764);
#3262=LINE('',#5984,#3765);
#3263=LINE('',#5985,#3766);
#3264=LINE('',#5987,#3767);
#3265=LINE('',#5989,#3768);
#3266=LINE('',#5992,#3769);
#3267=LINE('',#5994,#3770);
#3268=LINE('',#5996,#3771);
#3269=LINE('',#5998,#3772);
#3270=LINE('',#6000,#3773);
#3271=LINE('',#6002,#3774);
#3272=VECTOR('',#3994,1.);
#3273=VECTOR('',#3995,1.);
#3274=VECTOR('',#3996,1.);
#3275=VECTOR('',#3997,1.);
#3276=VECTOR('',#4000,1.);
#3277=VECTOR('',#4001,1.);
#3278=VECTOR('',#4002,1.);
#3279=VECTOR('',#4003,1.);
#3280=VECTOR('',#4004,1.);
#3281=VECTOR('',#4005,1.);
#3282=VECTOR('',#4006,1.);
#3283=VECTOR('',#4007,1.);
#3284=VECTOR('',#4008,1.);
#3285=VECTOR('',#4009,1.);
#3286=VECTOR('',#4010,1.);
#3287=VECTOR('',#4011,1.);
#3288=VECTOR('',#4012,1.);
#3289=VECTOR('',#4013,1.);
#3290=VECTOR('',#4014,1.);
#3291=VECTOR('',#4015,1.);
#3292=VECTOR('',#4016,1.);
#3293=VECTOR('',#4017,1.);
#3294=VECTOR('',#4018,1.);
#3295=VECTOR('',#4019,1.);
#3296=VECTOR('',#4020,1.);
#3297=VECTOR('',#4021,1.);
#3298=VECTOR('',#4022,1.);
#3299=VECTOR('',#4023,1.);
#3300=VECTOR('',#4024,1.);
#3301=VECTOR('',#4025,1.);
#3302=VECTOR('',#4026,1.);
#3303=VECTOR('',#4027,1.);
#3304=VECTOR('',#4028,1.);
#3305=VECTOR('',#4029,1.);
#3306=VECTOR('',#4030,1.);
#3307=VECTOR('',#4031,1.);
#3308=VECTOR('',#4032,1.);
#3309=VECTOR('',#4033,1.);
#3310=VECTOR('',#4034,1.);
#3311=VECTOR('',#4035,1.);
#3312=VECTOR('',#4036,1.);
#3313=VECTOR('',#4037,1.);
#3314=VECTOR('',#4038,1.);
#3315=VECTOR('',#4039,1.);
#3316=VECTOR('',#4040,1.);
#3317=VECTOR('',#4041,1.);
#3318=VECTOR('',#4042,1.);
#3319=VECTOR('',#4043,1.);
#3320=VECTOR('',#4044,1.);
#3321=VECTOR('',#4045,1.);
#3322=VECTOR('',#4046,1.);
#3323=VECTOR('',#4047,1.);
#3324=VECTOR('',#4048,1.);
#3325=VECTOR('',#4049,1.);
#3326=VECTOR('',#4050,1.);
#3327=VECTOR('',#4051,1.);
#3328=VECTOR('',#4052,1.);
#3329=VECTOR('',#4053,1.);
#3330=VECTOR('',#4054,1.);
#3331=VECTOR('',#4055,1.);
#3332=VECTOR('',#4056,1.);
#3333=VECTOR('',#4057,1.);
#3334=VECTOR('',#4058,1.);
#3335=VECTOR('',#4061,1.);
#3336=VECTOR('',#4062,1.);
#3337=VECTOR('',#4063,1.);
#3338=VECTOR('',#4064,1.);
#3339=VECTOR('',#4065,1.);
#3340=VECTOR('',#4066,1.);
#3341=VECTOR('',#4067,1.);
#3342=VECTOR('',#4068,1.);
#3343=VECTOR('',#4069,1.);
#3344=VECTOR('',#4072,1.);
#3345=VECTOR('',#4073,1.);
#3346=VECTOR('',#4074,1.);
#3347=VECTOR('',#4075,1.);
#3348=VECTOR('',#4076,1.);
#3349=VECTOR('',#4077,1.);
#3350=VECTOR('',#4078,1.);
#3351=VECTOR('',#4079,1.);
#3352=VECTOR('',#4082,1.);
#3353=VECTOR('',#4083,1.);
#3354=VECTOR('',#4084,1.);
#3355=VECTOR('',#4085,1.);
#3356=VECTOR('',#4086,1.);
#3357=VECTOR('',#4087,1.);
#3358=VECTOR('',#4090,1.);
#3359=VECTOR('',#4091,1.);
#3360=VECTOR('',#4092,1.);
#3361=VECTOR('',#4095,1.);
#3362=VECTOR('',#4096,1.);
#3363=VECTOR('',#4097,1.);
#3364=VECTOR('',#4100,1.);
#3365=VECTOR('',#4101,1.);
#3366=VECTOR('',#4102,1.);
#3367=VECTOR('',#4105,1.);
#3368=VECTOR('',#4106,1.);
#3369=VECTOR('',#4107,1.);
#3370=VECTOR('',#4108,1.);
#3371=VECTOR('',#4109,1.);
#3372=VECTOR('',#4110,1.);
#3373=VECTOR('',#4111,1.);
#3374=VECTOR('',#4112,1.);
#3375=VECTOR('',#4113,1.);
#3376=VECTOR('',#4114,1.);
#3377=VECTOR('',#4115,1.);
#3378=VECTOR('',#4116,1.);
#3379=VECTOR('',#4117,1.);
#3380=VECTOR('',#4118,1.);
#3381=VECTOR('',#4119,1.);
#3382=VECTOR('',#4120,1.);
#3383=VECTOR('',#4121,1.);
#3384=VECTOR('',#4122,1.);
#3385=VECTOR('',#4123,1.);
#3386=VECTOR('',#4124,1.);
#3387=VECTOR('',#4125,1.);
#3388=VECTOR('',#4126,1.);
#3389=VECTOR('',#4127,1.);
#3390=VECTOR('',#4128,1.);
#3391=VECTOR('',#4129,1.);
#3392=VECTOR('',#4130,1.);
#3393=VECTOR('',#4131,1.);
#3394=VECTOR('',#4132,1.);
#3395=VECTOR('',#4135,1.);
#3396=VECTOR('',#4136,1.);
#3397=VECTOR('',#4137,1.);
#3398=VECTOR('',#4138,1.);
#3399=VECTOR('',#4139,1.);
#3400=VECTOR('',#4140,1.);
#3401=VECTOR('',#4141,1.);
#3402=VECTOR('',#4142,1.);
#3403=VECTOR('',#4143,1.);
#3404=VECTOR('',#4144,1.);
#3405=VECTOR('',#4145,1.);
#3406=VECTOR('',#4146,1.);
#3407=VECTOR('',#4147,1.);
#3408=VECTOR('',#4148,1.);
#3409=VECTOR('',#4149,1.);
#3410=VECTOR('',#4152,1.);
#3411=VECTOR('',#4153,1.);
#3412=VECTOR('',#4154,1.);
#3413=VECTOR('',#4155,1.);
#3414=VECTOR('',#4156,1.);
#3415=VECTOR('',#4157,1.);
#3416=VECTOR('',#4158,1.);
#3417=VECTOR('',#4159,1.);
#3418=VECTOR('',#4160,1.);
#3419=VECTOR('',#4161,1.);
#3420=VECTOR('',#4162,1.);
#3421=VECTOR('',#4163,1.);
#3422=VECTOR('',#4164,1.);
#3423=VECTOR('',#4165,1.);
#3424=VECTOR('',#4166,1.);
#3425=VECTOR('',#4169,1.);
#3426=VECTOR('',#4170,1.);
#3427=VECTOR('',#4171,1.);
#3428=VECTOR('',#4174,1.);
#3429=VECTOR('',#4175,1.);
#3430=VECTOR('',#4176,1.);
#3431=VECTOR('',#4179,1.);
#3432=VECTOR('',#4180,1.);
#3433=VECTOR('',#4181,1.);
#3434=VECTOR('',#4184,1.);
#3435=VECTOR('',#4185,1.);
#3436=VECTOR('',#4186,1.);
#3437=VECTOR('',#4189,1.);
#3438=VECTOR('',#4190,1.);
#3439=VECTOR('',#4191,1.);
#3440=VECTOR('',#4194,1.);
#3441=VECTOR('',#4195,1.);
#3442=VECTOR('',#4196,1.);
#3443=VECTOR('',#4199,1.);
#3444=VECTOR('',#4200,1.);
#3445=VECTOR('',#4201,1.);
#3446=VECTOR('',#4204,1.);
#3447=VECTOR('',#4205,1.);
#3448=VECTOR('',#4206,1.);
#3449=VECTOR('',#4207,1.);
#3450=VECTOR('',#4208,1.);
#3451=VECTOR('',#4209,1.);
#3452=VECTOR('',#4212,1.);
#3453=VECTOR('',#4213,1.);
#3454=VECTOR('',#4214,1.);
#3455=VECTOR('',#4215,1.);
#3456=VECTOR('',#4218,1.);
#3457=VECTOR('',#4219,1.);
#3458=VECTOR('',#4220,1.);
#3459=VECTOR('',#4223,1.);
#3460=VECTOR('',#4224,1.);
#3461=VECTOR('',#4227,1.);
#3462=VECTOR('',#4228,1.);
#3463=VECTOR('',#4229,1.);
#3464=VECTOR('',#4232,1.);
#3465=VECTOR('',#4233,1.);
#3466=VECTOR('',#4234,1.);
#3467=VECTOR('',#4235,1.);
#3468=VECTOR('',#4236,1.);
#3469=VECTOR('',#4239,1.);
#3470=VECTOR('',#4240,1.);
#3471=VECTOR('',#4243,1.);
#3472=VECTOR('',#4244,1.);
#3473=VECTOR('',#4245,1.);
#3474=VECTOR('',#4246,1.);
#3475=VECTOR('',#4247,1.);
#3476=VECTOR('',#4248,1.);
#3477=VECTOR('',#4251,1.);
#3478=VECTOR('',#4252,1.);
#3479=VECTOR('',#4255,1.);
#3480=VECTOR('',#4256,1.);
#3481=VECTOR('',#4257,1.);
#3482=VECTOR('',#4258,1.);
#3483=VECTOR('',#4259,1.);
#3484=VECTOR('',#4260,1.);
#3485=VECTOR('',#4261,1.);
#3486=VECTOR('',#4264,1.);
#3487=VECTOR('',#4265,1.);
#3488=VECTOR('',#4266,1.);
#3489=VECTOR('',#4267,1.);
#3490=VECTOR('',#4268,1.);
#3491=VECTOR('',#4269,1.);
#3492=VECTOR('',#4270,1.);
#3493=VECTOR('',#4271,1.);
#3494=VECTOR('',#4272,1.);
#3495=VECTOR('',#4273,1.);
#3496=VECTOR('',#4276,1.);
#3497=VECTOR('',#4277,1.);
#3498=VECTOR('',#4280,1.);
#3499=VECTOR('',#4281,1.);
#3500=VECTOR('',#4282,1.);
#3501=VECTOR('',#4283,1.);
#3502=VECTOR('',#4284,1.);
#3503=VECTOR('',#4285,1.);
#3504=VECTOR('',#4286,1.);
#3505=VECTOR('',#4289,1.);
#3506=VECTOR('',#4290,1.);
#3507=VECTOR('',#4291,1.);
#3508=VECTOR('',#4294,1.);
#3509=VECTOR('',#4295,1.);
#3510=VECTOR('',#4296,1.);
#3511=VECTOR('',#4299,1.);
#3512=VECTOR('',#4302,1.);
#3513=VECTOR('',#4305,1.);
#3514=VECTOR('',#4308,1.);
#3515=VECTOR('',#4315,1.);
#3516=VECTOR('',#4318,1.);
#3517=VECTOR('',#4321,1.);
#3518=VECTOR('',#4322,1.);
#3519=VECTOR('',#4325,1.);
#3520=VECTOR('',#4330,1.);
#3521=VECTOR('',#4331,1.);
#3522=VECTOR('',#4334,1.);
#3523=VECTOR('',#4339,1.);
#3524=VECTOR('',#4344,1.);
#3525=VECTOR('',#4345,1.);
#3526=VECTOR('',#4346,1.);
#3527=VECTOR('',#4349,1.);
#3528=VECTOR('',#4352,1.);
#3529=VECTOR('',#4355,1.);
#3530=VECTOR('',#4356,1.);
#3531=VECTOR('',#4357,1.);
#3532=VECTOR('',#4360,1.);
#3533=VECTOR('',#4361,1.);
#3534=VECTOR('',#4364,1.);
#3535=VECTOR('',#4365,1.);
#3536=VECTOR('',#4370,1.);
#3537=VECTOR('',#4373,1.);
#3538=VECTOR('',#4374,1.);
#3539=VECTOR('',#4375,1.);
#3540=VECTOR('',#4376,1.);
#3541=VECTOR('',#4379,1.);
#3542=VECTOR('',#4380,1.);
#3543=VECTOR('',#4381,1.);
#3544=VECTOR('',#4382,1.);
#3545=VECTOR('',#4383,1.);
#3546=VECTOR('',#4388,1.);
#3547=VECTOR('',#4389,1.);
#3548=VECTOR('',#4392,1.);
#3549=VECTOR('',#4395,1.);
#3550=VECTOR('',#4398,1.);
#3551=VECTOR('',#4405,1.);
#3552=VECTOR('',#4406,1.);
#3553=VECTOR('',#4407,1.);
#3554=VECTOR('',#4410,1.);
#3555=VECTOR('',#4417,1.);
#3556=VECTOR('',#4418,1.);
#3557=VECTOR('',#4419,1.);
#3558=VECTOR('',#4422,1.);
#3559=VECTOR('',#4423,1.);
#3560=VECTOR('',#4426,1.);
#3561=VECTOR('',#4427,1.);
#3562=VECTOR('',#4432,1.);
#3563=VECTOR('',#4435,1.);
#3564=VECTOR('',#4436,1.);
#3565=VECTOR('',#4437,1.);
#3566=VECTOR('',#4438,1.);
#3567=VECTOR('',#4441,1.);
#3568=VECTOR('',#4442,1.);
#3569=VECTOR('',#4443,1.);
#3570=VECTOR('',#4444,1.);
#3571=VECTOR('',#4445,1.);
#3572=VECTOR('',#4450,1.);
#3573=VECTOR('',#4451,1.);
#3574=VECTOR('',#4454,1.);
#3575=VECTOR('',#4457,1.);
#3576=VECTOR('',#4460,1.);
#3577=VECTOR('',#4467,1.);
#3578=VECTOR('',#4468,1.);
#3579=VECTOR('',#4469,1.);
#3580=VECTOR('',#4472,1.);
#3581=VECTOR('',#4479,1.);
#3582=VECTOR('',#4480,1.);
#3583=VECTOR('',#4481,1.);
#3584=VECTOR('',#4484,1.);
#3585=VECTOR('',#4485,1.);
#3586=VECTOR('',#4488,1.);
#3587=VECTOR('',#4489,1.);
#3588=VECTOR('',#4494,1.);
#3589=VECTOR('',#4497,1.);
#3590=VECTOR('',#4498,1.);
#3591=VECTOR('',#4499,1.);
#3592=VECTOR('',#4500,1.);
#3593=VECTOR('',#4503,1.);
#3594=VECTOR('',#4504,1.);
#3595=VECTOR('',#4505,1.);
#3596=VECTOR('',#4506,1.);
#3597=VECTOR('',#4507,1.);
#3598=VECTOR('',#4512,1.);
#3599=VECTOR('',#4513,1.);
#3600=VECTOR('',#4516,1.);
#3601=VECTOR('',#4519,1.);
#3602=VECTOR('',#4522,1.);
#3603=VECTOR('',#4529,1.);
#3604=VECTOR('',#4530,1.);
#3605=VECTOR('',#4531,1.);
#3606=VECTOR('',#4534,1.);
#3607=VECTOR('',#4541,1.);
#3608=VECTOR('',#4542,1.);
#3609=VECTOR('',#4543,1.);
#3610=VECTOR('',#4546,1.);
#3611=VECTOR('',#4547,1.);
#3612=VECTOR('',#4550,1.);
#3613=VECTOR('',#4551,1.);
#3614=VECTOR('',#4556,1.);
#3615=VECTOR('',#4559,1.);
#3616=VECTOR('',#4560,1.);
#3617=VECTOR('',#4561,1.);
#3618=VECTOR('',#4562,1.);
#3619=VECTOR('',#4565,1.);
#3620=VECTOR('',#4566,1.);
#3621=VECTOR('',#4567,1.);
#3622=VECTOR('',#4568,1.);
#3623=VECTOR('',#4569,1.);
#3624=VECTOR('',#4574,1.);
#3625=VECTOR('',#4575,1.);
#3626=VECTOR('',#4578,1.);
#3627=VECTOR('',#4581,1.);
#3628=VECTOR('',#4584,1.);
#3629=VECTOR('',#4591,1.);
#3630=VECTOR('',#4592,1.);
#3631=VECTOR('',#4593,1.);
#3632=VECTOR('',#4596,1.);
#3633=VECTOR('',#4603,1.);
#3634=VECTOR('',#4604,1.);
#3635=VECTOR('',#4605,1.);
#3636=VECTOR('',#4606,1.);
#3637=VECTOR('',#4607,1.);
#3638=VECTOR('',#4608,1.);
#3639=VECTOR('',#4609,1.);
#3640=VECTOR('',#4610,1.);
#3641=VECTOR('',#4611,1.);
#3642=VECTOR('',#4612,1.);
#3643=VECTOR('',#4613,1.);
#3644=VECTOR('',#4614,1.);
#3645=VECTOR('',#4615,1.);
#3646=VECTOR('',#4616,1.);
#3647=VECTOR('',#4617,1.);
#3648=VECTOR('',#4620,1.);
#3649=VECTOR('',#4621,1.);
#3650=VECTOR('',#4622,1.);
#3651=VECTOR('',#4623,1.);
#3652=VECTOR('',#4624,1.);
#3653=VECTOR('',#4625,1.);
#3654=VECTOR('',#4626,1.);
#3655=VECTOR('',#4627,1.);
#3656=VECTOR('',#4628,1.);
#3657=VECTOR('',#4629,1.);
#3658=VECTOR('',#4630,1.);
#3659=VECTOR('',#4631,1.);
#3660=VECTOR('',#4632,1.);
#3661=VECTOR('',#4633,1.);
#3662=VECTOR('',#4634,1.);
#3663=VECTOR('',#4637,1.);
#3664=VECTOR('',#4640,1.);
#3665=VECTOR('',#4645,1.);
#3666=VECTOR('',#4646,1.);
#3667=VECTOR('',#4647,1.);
#3668=VECTOR('',#4650,1.);
#3669=VECTOR('',#4661,1.);
#3670=VECTOR('',#4662,1.);
#3671=VECTOR('',#4663,1.);
#3672=VECTOR('',#4668,1.);
#3673=VECTOR('',#4669,1.);
#3674=VECTOR('',#4670,1.);
#3675=VECTOR('',#4677,1.);
#3676=VECTOR('',#4682,1.);
#3677=VECTOR('',#4685,1.);
#3678=VECTOR('',#4686,1.);
#3679=VECTOR('',#4687,1.);
#3680=VECTOR('',#4688,1.);
#3681=VECTOR('',#4689,1.);
#3682=VECTOR('',#4690,1.);
#3683=VECTOR('',#4693,1.);
#3684=VECTOR('',#4694,1.);
#3685=VECTOR('',#4697,1.);
#3686=VECTOR('',#4698,1.);
#3687=VECTOR('',#4699,1.);
#3688=VECTOR('',#4700,1.);
#3689=VECTOR('',#4701,1.);
#3690=VECTOR('',#4712,1.);
#3691=VECTOR('',#4715,1.);
#3692=VECTOR('',#4718,1.);
#3693=VECTOR('',#4721,1.);
#3694=VECTOR('',#4732,1.);
#3695=VECTOR('',#4735,1.);
#3696=VECTOR('',#4738,1.);
#3697=VECTOR('',#4747,1.);
#3698=VECTOR('',#4748,1.);
#3699=VECTOR('',#4751,1.);
#3700=VECTOR('',#4754,1.);
#3701=VECTOR('',#4759,1.);
#3702=VECTOR('',#4760,1.);
#3703=VECTOR('',#4761,1.);
#3704=VECTOR('',#4762,1.);
#3705=VECTOR('',#4765,1.);
#3706=VECTOR('',#4766,1.);
#3707=VECTOR('',#4767,1.);
#3708=VECTOR('',#4768,1.);
#3709=VECTOR('',#4769,1.);
#3710=VECTOR('',#4770,1.);
#3711=VECTOR('',#4771,1.);
#3712=VECTOR('',#4772,1.);
#3713=VECTOR('',#4773,1.);
#3714=VECTOR('',#4774,1.);
#3715=VECTOR('',#4775,1.);
#3716=VECTOR('',#4776,1.);
#3717=VECTOR('',#4777,1.);
#3718=VECTOR('',#4778,1.);
#3719=VECTOR('',#4781,1.);
#3720=VECTOR('',#4782,1.);
#3721=VECTOR('',#4783,1.);
#3722=VECTOR('',#4784,1.);
#3723=VECTOR('',#4785,1.);
#3724=VECTOR('',#4786,1.);
#3725=VECTOR('',#4787,1.);
#3726=VECTOR('',#4788,1.);
#3727=VECTOR('',#4789,1.);
#3728=VECTOR('',#4790,1.);
#3729=VECTOR('',#4791,1.);
#3730=VECTOR('',#4792,1.);
#3731=VECTOR('',#4793,1.);
#3732=VECTOR('',#4794,1.);
#3733=VECTOR('',#4797,1.);
#3734=VECTOR('',#4800,1.);
#3735=VECTOR('',#4807,1.);
#3736=VECTOR('',#4808,1.);
#3737=VECTOR('',#4809,1.);
#3738=VECTOR('',#4820,1.);
#3739=VECTOR('',#4821,1.);
#3740=VECTOR('',#4822,1.);
#3741=VECTOR('',#4827,1.);
#3742=VECTOR('',#4828,1.);
#3743=VECTOR('',#4829,1.);
#3744=VECTOR('',#4834,1.);
#3745=VECTOR('',#4835,1.);
#3746=VECTOR('',#4836,1.);
#3747=VECTOR('',#4837,1.);
#3748=VECTOR('',#4838,1.);
#3749=VECTOR('',#4839,1.);
#3750=VECTOR('',#4840,1.);
#3751=VECTOR('',#4855,1.);
#3752=VECTOR('',#4860,1.);
#3753=VECTOR('',#4865,1.);
#3754=VECTOR('',#4866,1.);
#3755=VECTOR('',#4867,1.);
#3756=VECTOR('',#4870,1.);
#3757=VECTOR('',#4873,1.);
#3758=VECTOR('',#4878,1.);
#3759=VECTOR('',#4881,1.);
#3760=VECTOR('',#4884,1.);
#3761=VECTOR('',#4889,1.);
#3762=VECTOR('',#4890,1.);
#3763=VECTOR('',#4891,1.);
#3764=VECTOR('',#4898,1.);
#3765=VECTOR('',#4903,1.);
#3766=VECTOR('',#4904,1.);
#3767=VECTOR('',#4907,1.);
#3768=VECTOR('',#4910,1.);
#3769=VECTOR('',#4915,1.);
#3770=VECTOR('',#4916,1.);
#3771=VECTOR('',#4917,1.);
#3772=VECTOR('',#4920,1.);
#3773=VECTOR('',#4921,1.);
#3774=VECTOR('',#4924,1.);
#3775=AXIS2_PLACEMENT_3D('',#4929,#3992,#3993);
#3776=AXIS2_PLACEMENT_3D('',#4938,#3998,#3999);
#3777=AXIS2_PLACEMENT_3D('',#5056,#4059,#4060);
#3778=AXIS2_PLACEMENT_3D('',#5074,#4070,#4071);
#3779=AXIS2_PLACEMENT_3D('',#5090,#4080,#4081);
#3780=AXIS2_PLACEMENT_3D('',#5101,#4088,#4089);
#3781=AXIS2_PLACEMENT_3D('',#5107,#4093,#4094);
#3782=AXIS2_PLACEMENT_3D('',#5113,#4098,#4099);
#3783=AXIS2_PLACEMENT_3D('',#5119,#4103,#4104);
#3784=AXIS2_PLACEMENT_3D('',#5176,#4133,#4134);
#3785=AXIS2_PLACEMENT_3D('',#5202,#4150,#4151);
#3786=AXIS2_PLACEMENT_3D('',#5228,#4167,#4168);
#3787=AXIS2_PLACEMENT_3D('',#5234,#4172,#4173);
#3788=AXIS2_PLACEMENT_3D('',#5240,#4177,#4178);
#3789=AXIS2_PLACEMENT_3D('',#5246,#4182,#4183);
#3790=AXIS2_PLACEMENT_3D('',#5252,#4187,#4188);
#3791=AXIS2_PLACEMENT_3D('',#5258,#4192,#4193);
#3792=AXIS2_PLACEMENT_3D('',#5264,#4197,#4198);
#3793=AXIS2_PLACEMENT_3D('',#5270,#4202,#4203);
#3794=AXIS2_PLACEMENT_3D('',#5281,#4210,#4211);
#3795=AXIS2_PLACEMENT_3D('',#5287,#4216,#4217);
#3796=AXIS2_PLACEMENT_3D('',#5293,#4221,#4222);
#3797=AXIS2_PLACEMENT_3D('',#5297,#4225,#4226);
#3798=AXIS2_PLACEMENT_3D('',#5303,#4230,#4231);
#3799=AXIS2_PLACEMENT_3D('',#5313,#4237,#4238);
#3800=AXIS2_PLACEMENT_3D('',#5317,#4241,#4242);
#3801=AXIS2_PLACEMENT_3D('',#5328,#4249,#4250);
#3802=AXIS2_PLACEMENT_3D('',#5331,#4253,#4254);
#3803=AXIS2_PLACEMENT_3D('',#5345,#4262,#4263);
#3804=AXIS2_PLACEMENT_3D('',#5365,#4274,#4275);
#3805=AXIS2_PLACEMENT_3D('',#5368,#4278,#4279);
#3806=AXIS2_PLACEMENT_3D('',#5382,#4287,#4288);
#3807=AXIS2_PLACEMENT_3D('',#5387,#4292,#4293);
#3808=AXIS2_PLACEMENT_3D('',#5392,#4297,#4298);
#3809=AXIS2_PLACEMENT_3D('',#5394,#4300,#4301);
#3810=AXIS2_PLACEMENT_3D('',#5396,#4303,#4304);
#3811=AXIS2_PLACEMENT_3D('',#5398,#4306,#4307);
#3812=AXIS2_PLACEMENT_3D('',#5400,#4309,#4310);
#3813=AXIS2_PLACEMENT_3D('',#5401,#4311,#4312);
#3814=AXIS2_PLACEMENT_3D('',#5402,#4313,#4314);
#3815=AXIS2_PLACEMENT_3D('',#5404,#4316,#4317);
#3816=AXIS2_PLACEMENT_3D('',#5406,#4319,#4320);
#3817=AXIS2_PLACEMENT_3D('',#5410,#4323,#4324);
#3818=AXIS2_PLACEMENT_3D('',#5412,#4326,#4327);
#3819=AXIS2_PLACEMENT_3D('',#5413,#4328,#4329);
#3820=AXIS2_PLACEMENT_3D('',#5417,#4332,#4333);
#3821=AXIS2_PLACEMENT_3D('',#5419,#4335,#4336);
#3822=AXIS2_PLACEMENT_3D('',#5420,#4337,#4338);
#3823=AXIS2_PLACEMENT_3D('',#5422,#4340,#4341);
#3824=AXIS2_PLACEMENT_3D('',#5423,#4342,#4343);
#3825=AXIS2_PLACEMENT_3D('',#5429,#4347,#4348);
#3826=AXIS2_PLACEMENT_3D('',#5431,#4350,#4351);
#3827=AXIS2_PLACEMENT_3D('',#5433,#4353,#4354);
#3828=AXIS2_PLACEMENT_3D('',#5439,#4358,#4359);
#3829=AXIS2_PLACEMENT_3D('',#5443,#4362,#4363);
#3830=AXIS2_PLACEMENT_3D('',#5446,#4366,#4367);
#3831=AXIS2_PLACEMENT_3D('',#5447,#4368,#4369);
#3832=AXIS2_PLACEMENT_3D('',#5450,#4371,#4372);
#3833=AXIS2_PLACEMENT_3D('',#5459,#4377,#4378);
#3834=AXIS2_PLACEMENT_3D('',#5470,#4384,#4385);
#3835=AXIS2_PLACEMENT_3D('',#5471,#4386,#4387);
#3836=AXIS2_PLACEMENT_3D('',#5474,#4390,#4391);
#3837=AXIS2_PLACEMENT_3D('',#5476,#4393,#4394);
#3838=AXIS2_PLACEMENT_3D('',#5478,#4396,#4397);
#3839=AXIS2_PLACEMENT_3D('',#5480,#4399,#4400);
#3840=AXIS2_PLACEMENT_3D('',#5481,#4401,#4402);
#3841=AXIS2_PLACEMENT_3D('',#5482,#4403,#4404);
#3842=AXIS2_PLACEMENT_3D('',#5487,#4408,#4409);
#3843=AXIS2_PLACEMENT_3D('',#5489,#4411,#4412);
#3844=AXIS2_PLACEMENT_3D('',#5490,#4413,#4414);
#3845=AXIS2_PLACEMENT_3D('',#5491,#4415,#4416);
#3846=AXIS2_PLACEMENT_3D('',#5497,#4420,#4421);
#3847=AXIS2_PLACEMENT_3D('',#5501,#4424,#4425);
#3848=AXIS2_PLACEMENT_3D('',#5504,#4428,#4429);
#3849=AXIS2_PLACEMENT_3D('',#5505,#4430,#4431);
#3850=AXIS2_PLACEMENT_3D('',#5508,#4433,#4434);
#3851=AXIS2_PLACEMENT_3D('',#5517,#4439,#4440);
#3852=AXIS2_PLACEMENT_3D('',#5528,#4446,#4447);
#3853=AXIS2_PLACEMENT_3D('',#5529,#4448,#4449);
#3854=AXIS2_PLACEMENT_3D('',#5532,#4452,#4453);
#3855=AXIS2_PLACEMENT_3D('',#5534,#4455,#4456);
#3856=AXIS2_PLACEMENT_3D('',#5536,#4458,#4459);
#3857=AXIS2_PLACEMENT_3D('',#5538,#4461,#4462);
#3858=AXIS2_PLACEMENT_3D('',#5539,#4463,#4464);
#3859=AXIS2_PLACEMENT_3D('',#5540,#4465,#4466);
#3860=AXIS2_PLACEMENT_3D('',#5545,#4470,#4471);
#3861=AXIS2_PLACEMENT_3D('',#5547,#4473,#4474);
#3862=AXIS2_PLACEMENT_3D('',#5548,#4475,#4476);
#3863=AXIS2_PLACEMENT_3D('',#5549,#4477,#4478);
#3864=AXIS2_PLACEMENT_3D('',#5555,#4482,#4483);
#3865=AXIS2_PLACEMENT_3D('',#5559,#4486,#4487);
#3866=AXIS2_PLACEMENT_3D('',#5562,#4490,#4491);
#3867=AXIS2_PLACEMENT_3D('',#5563,#4492,#4493);
#3868=AXIS2_PLACEMENT_3D('',#5566,#4495,#4496);
#3869=AXIS2_PLACEMENT_3D('',#5575,#4501,#4502);
#3870=AXIS2_PLACEMENT_3D('',#5586,#4508,#4509);
#3871=AXIS2_PLACEMENT_3D('',#5587,#4510,#4511);
#3872=AXIS2_PLACEMENT_3D('',#5590,#4514,#4515);
#3873=AXIS2_PLACEMENT_3D('',#5592,#4517,#4518);
#3874=AXIS2_PLACEMENT_3D('',#5594,#4520,#4521);
#3875=AXIS2_PLACEMENT_3D('',#5596,#4523,#4524);
#3876=AXIS2_PLACEMENT_3D('',#5597,#4525,#4526);
#3877=AXIS2_PLACEMENT_3D('',#5598,#4527,#4528);
#3878=AXIS2_PLACEMENT_3D('',#5603,#4532,#4533);
#3879=AXIS2_PLACEMENT_3D('',#5605,#4535,#4536);
#3880=AXIS2_PLACEMENT_3D('',#5606,#4537,#4538);
#3881=AXIS2_PLACEMENT_3D('',#5607,#4539,#4540);
#3882=AXIS2_PLACEMENT_3D('',#5613,#4544,#4545);
#3883=AXIS2_PLACEMENT_3D('',#5617,#4548,#4549);
#3884=AXIS2_PLACEMENT_3D('',#5620,#4552,#4553);
#3885=AXIS2_PLACEMENT_3D('',#5621,#4554,#4555);
#3886=AXIS2_PLACEMENT_3D('',#5624,#4557,#4558);
#3887=AXIS2_PLACEMENT_3D('',#5633,#4563,#4564);
#3888=AXIS2_PLACEMENT_3D('',#5644,#4570,#4571);
#3889=AXIS2_PLACEMENT_3D('',#5645,#4572,#4573);
#3890=AXIS2_PLACEMENT_3D('',#5648,#4576,#4577);
#3891=AXIS2_PLACEMENT_3D('',#5650,#4579,#4580);
#3892=AXIS2_PLACEMENT_3D('',#5652,#4582,#4583);
#3893=AXIS2_PLACEMENT_3D('',#5654,#4585,#4586);
#3894=AXIS2_PLACEMENT_3D('',#5655,#4587,#4588);
#3895=AXIS2_PLACEMENT_3D('',#5656,#4589,#4590);
#3896=AXIS2_PLACEMENT_3D('',#5661,#4594,#4595);
#3897=AXIS2_PLACEMENT_3D('',#5663,#4597,#4598);
#3898=AXIS2_PLACEMENT_3D('',#5664,#4599,#4600);
#3899=AXIS2_PLACEMENT_3D('',#5665,#4601,#4602);
#3900=AXIS2_PLACEMENT_3D('',#5694,#4618,#4619);
#3901=AXIS2_PLACEMENT_3D('',#5723,#4635,#4636);
#3902=AXIS2_PLACEMENT_3D('',#5725,#4638,#4639);
#3903=AXIS2_PLACEMENT_3D('',#5727,#4641,#4642);
#3904=AXIS2_PLACEMENT_3D('',#5728,#4643,#4644);
#3905=AXIS2_PLACEMENT_3D('',#5736,#4648,#4649);
#3906=AXIS2_PLACEMENT_3D('',#5739,#4651,#4652);
#3907=AXIS2_PLACEMENT_3D('',#5740,#4653,#4654);
#3908=AXIS2_PLACEMENT_3D('',#5741,#4655,#4656);
#3909=AXIS2_PLACEMENT_3D('',#5742,#4657,#4658);
#3910=AXIS2_PLACEMENT_3D('',#5743,#4659,#4660);
#3911=AXIS2_PLACEMENT_3D('',#5751,#4664,#4665);
#3912=AXIS2_PLACEMENT_3D('',#5752,#4666,#4667);
#3913=AXIS2_PLACEMENT_3D('',#5760,#4671,#4672);
#3914=AXIS2_PLACEMENT_3D('',#5761,#4673,#4674);
#3915=AXIS2_PLACEMENT_3D('',#5762,#4675,#4676);
#3916=AXIS2_PLACEMENT_3D('',#5765,#4678,#4679);
#3917=AXIS2_PLACEMENT_3D('',#5766,#4680,#4681);
#3918=AXIS2_PLACEMENT_3D('',#5769,#4683,#4684);
#3919=AXIS2_PLACEMENT_3D('',#5781,#4691,#4692);
#3920=AXIS2_PLACEMENT_3D('',#5785,#4695,#4696);
#3921=AXIS2_PLACEMENT_3D('',#5795,#4702,#4703);
#3922=AXIS2_PLACEMENT_3D('',#5796,#4704,#4705);
#3923=AXIS2_PLACEMENT_3D('',#5797,#4706,#4707);
#3924=AXIS2_PLACEMENT_3D('',#5798,#4708,#4709);
#3925=AXIS2_PLACEMENT_3D('',#5799,#4710,#4711);
#3926=AXIS2_PLACEMENT_3D('',#5801,#4713,#4714);
#3927=AXIS2_PLACEMENT_3D('',#5803,#4716,#4717);
#3928=AXIS2_PLACEMENT_3D('',#5805,#4719,#4720);
#3929=AXIS2_PLACEMENT_3D('',#5807,#4722,#4723);
#3930=AXIS2_PLACEMENT_3D('',#5808,#4724,#4725);
#3931=AXIS2_PLACEMENT_3D('',#5809,#4726,#4727);
#3932=AXIS2_PLACEMENT_3D('',#5810,#4728,#4729);
#3933=AXIS2_PLACEMENT_3D('',#5811,#4730,#4731);
#3934=AXIS2_PLACEMENT_3D('',#5813,#4733,#4734);
#3935=AXIS2_PLACEMENT_3D('',#5815,#4736,#4737);
#3936=AXIS2_PLACEMENT_3D('',#5817,#4739,#4740);
#3937=AXIS2_PLACEMENT_3D('',#5818,#4741,#4742);
#3938=AXIS2_PLACEMENT_3D('',#5819,#4743,#4744);
#3939=AXIS2_PLACEMENT_3D('',#5820,#4745,#4746);
#3940=AXIS2_PLACEMENT_3D('',#5823,#4749,#4750);
#3941=AXIS2_PLACEMENT_3D('',#5825,#4752,#4753);
#3942=AXIS2_PLACEMENT_3D('',#5827,#4755,#4756);
#3943=AXIS2_PLACEMENT_3D('',#5828,#4757,#4758);
#3944=AXIS2_PLACEMENT_3D('',#5836,#4763,#4764);
#3945=AXIS2_PLACEMENT_3D('',#5863,#4779,#4780);
#3946=AXIS2_PLACEMENT_3D('',#5890,#4795,#4796);
#3947=AXIS2_PLACEMENT_3D('',#5892,#4798,#4799);
#3948=AXIS2_PLACEMENT_3D('',#5894,#4801,#4802);
#3949=AXIS2_PLACEMENT_3D('',#5895,#4803,#4804);
#3950=AXIS2_PLACEMENT_3D('',#5896,#4805,#4806);
#3951=AXIS2_PLACEMENT_3D('',#5904,#4810,#4811);
#3952=AXIS2_PLACEMENT_3D('',#5905,#4812,#4813);
#3953=AXIS2_PLACEMENT_3D('',#5906,#4814,#4815);
#3954=AXIS2_PLACEMENT_3D('',#5907,#4816,#4817);
#3955=AXIS2_PLACEMENT_3D('',#5908,#4818,#4819);
#3956=AXIS2_PLACEMENT_3D('',#5916,#4823,#4824);
#3957=AXIS2_PLACEMENT_3D('',#5917,#4825,#4826);
#3958=AXIS2_PLACEMENT_3D('',#5925,#4830,#4831);
#3959=AXIS2_PLACEMENT_3D('',#5926,#4832,#4833);
#3960=AXIS2_PLACEMENT_3D('',#5940,#4841,#4842);
#3961=AXIS2_PLACEMENT_3D('',#5941,#4843,#4844);
#3962=AXIS2_PLACEMENT_3D('',#5942,#4845,#4846);
#3963=AXIS2_PLACEMENT_3D('',#5943,#4847,#4848);
#3964=AXIS2_PLACEMENT_3D('',#5944,#4849,#4850);
#3965=AXIS2_PLACEMENT_3D('',#5945,#4851,#4852);
#3966=AXIS2_PLACEMENT_3D('',#5946,#4853,#4854);
#3967=AXIS2_PLACEMENT_3D('',#5949,#4856,#4857);
#3968=AXIS2_PLACEMENT_3D('',#5950,#4858,#4859);
#3969=AXIS2_PLACEMENT_3D('',#5954,#4861,#4862);
#3970=AXIS2_PLACEMENT_3D('',#5955,#4863,#4864);
#3971=AXIS2_PLACEMENT_3D('',#5960,#4868,#4869);
#3972=AXIS2_PLACEMENT_3D('',#5962,#4871,#4872);
#3973=AXIS2_PLACEMENT_3D('',#5964,#4874,#4875);
#3974=AXIS2_PLACEMENT_3D('',#5965,#4876,#4877);
#3975=AXIS2_PLACEMENT_3D('',#5967,#4879,#4880);
#3976=AXIS2_PLACEMENT_3D('',#5969,#4882,#4883);
#3977=AXIS2_PLACEMENT_3D('',#5971,#4885,#4886);
#3978=AXIS2_PLACEMENT_3D('',#5972,#4887,#4888);
#3979=AXIS2_PLACEMENT_3D('',#5978,#4892,#4893);
#3980=AXIS2_PLACEMENT_3D('',#5979,#4894,#4895);
#3981=AXIS2_PLACEMENT_3D('',#5980,#4896,#4897);
#3982=AXIS2_PLACEMENT_3D('',#5982,#4899,#4900);
#3983=AXIS2_PLACEMENT_3D('',#5983,#4901,#4902);
#3984=AXIS2_PLACEMENT_3D('',#5986,#4905,#4906);
#3985=AXIS2_PLACEMENT_3D('',#5988,#4908,#4909);
#3986=AXIS2_PLACEMENT_3D('',#5990,#4911,#4912);
#3987=AXIS2_PLACEMENT_3D('',#5991,#4913,#4914);
#3988=AXIS2_PLACEMENT_3D('',#5997,#4918,#4919);
#3989=AXIS2_PLACEMENT_3D('',#6001,#4922,#4923);
#3990=AXIS2_PLACEMENT_3D('',#6003,#4925,#4926);
#3991=AXIS2_PLACEMENT_3D('',#6004,#4927,#4928);
#3992=DIRECTION('',(0.,0.,1.));
#3993=DIRECTION('',(1.,0.,0.));
#3994=DIRECTION('',(0.,-1.,2.71050543121377E-17));
#3995=DIRECTION('',(1.,0.,2.00778180089915E-16));
#3996=DIRECTION('',(0.,-1.,0.));
#3997=DIRECTION('',(-1.,0.,-2.00778180089915E-16));
#3998=DIRECTION('',(2.00778180089915E-16,0.,-1.));
#3999=DIRECTION('',(-1.,0.,-2.00794242344315E-16));
#4000=DIRECTION('',(1.,0.,0.));
#4001=DIRECTION('',(0.,0.,-1.));
#4002=DIRECTION('',(0.,0.,-1.));
#4003=DIRECTION('',(-1.,0.,1.95704363264532E-16));
#4004=DIRECTION('',(0.,0.,1.));
#4005=DIRECTION('',(-1.,0.,-6.71172773443408E-16));
#4006=DIRECTION('',(0.,0.,-1.));
#4007=DIRECTION('',(-1.,0.,0.));
#4008=DIRECTION('',(0.,0.,1.));
#4009=DIRECTION('',(1.,0.,0.));
#4010=DIRECTION('',(0.,0.,-1.));
#4011=DIRECTION('',(-1.,0.,0.));
#4012=DIRECTION('',(0.,0.,1.));
#4013=DIRECTION('',(-1.,0.,-6.71172773443408E-16));
#4014=DIRECTION('',(0.,0.,-1.));
#4015=DIRECTION('',(-1.,0.,0.));
#4016=DIRECTION('',(0.,0.,1.));
#4017=DIRECTION('',(1.,0.,0.));
#4018=DIRECTION('',(0.,0.,-1.));
#4019=DIRECTION('',(-1.,0.,0.));
#4020=DIRECTION('',(0.,0.,1.));
#4021=DIRECTION('',(-1.,0.,-6.71172773443408E-16));
#4022=DIRECTION('',(0.,0.,-1.));
#4023=DIRECTION('',(-1.,0.,0.));
#4024=DIRECTION('',(3.87215061601979E-16,0.,1.));
#4025=DIRECTION('',(1.,0.,0.));
#4026=DIRECTION('',(3.87215061601979E-16,0.,-1.));
#4027=DIRECTION('',(-1.,0.,0.));
#4028=DIRECTION('',(-1.66800334228539E-15,0.,1.));
#4029=DIRECTION('',(-1.,0.,-6.71172773443408E-16));
#4030=DIRECTION('',(0.,0.,-1.));
#4031=DIRECTION('',(-1.,0.,0.));
#4032=DIRECTION('',(1.93607530800989E-16,0.,1.));
#4033=DIRECTION('',(1.,0.,0.));
#4034=DIRECTION('',(1.93607530800989E-16,0.,-1.));
#4035=DIRECTION('',(-1.,0.,0.));
#4036=DIRECTION('',(0.,0.,1.));
#4037=DIRECTION('',(-1.,0.,-6.71172773443408E-16));
#4038=DIRECTION('',(0.,0.,-1.));
#4039=DIRECTION('',(-1.,0.,3.91408726529064E-16));
#4040=DIRECTION('',(0.,0.,1.));
#4041=DIRECTION('',(-1.,0.,4.0155636017983E-16));
#4042=DIRECTION('',(-3.12000625175685E-16,0.,-1.));
#4043=DIRECTION('',(-1.,0.,0.));
#4044=DIRECTION('',(6.37765983815005E-16,0.,1.));
#4045=DIRECTION('',(-1.,0.,4.0155636017983E-16));
#4046=DIRECTION('',(-4.76572383510113E-16,0.,-1.));
#4047=DIRECTION('',(1.,0.,0.));
#4048=DIRECTION('',(0.,0.,-1.));
#4049=DIRECTION('',(-1.,0.,4.87281875274384E-16));
#4050=DIRECTION('',(0.,0.,-1.));
#4051=DIRECTION('',(1.,0.,3.43024416153606E-16));
#4052=DIRECTION('',(1.73472347597682E-14,0.,1.));
#4053=DIRECTION('',(-1.,0.,0.));
#4054=DIRECTION('',(0.,0.,1.));
#4055=DIRECTION('',(1.,0.,0.));
#4056=DIRECTION('',(0.,0.,1.));
#4057=DIRECTION('',(-1.,0.,-2.00778180089915E-16));
#4058=DIRECTION('',(-1.27553196763001E-15,0.,1.));
#4059=DIRECTION('',(0.,-1.,0.));
#4060=DIRECTION('',(0.,0.,-1.));
#4061=DIRECTION('',(0.,0.,1.));
#4062=DIRECTION('',(0.,1.,0.));
#4063=DIRECTION('',(0.,0.,-1.));
#4064=DIRECTION('',(0.,-1.,0.));
#4065=DIRECTION('',(0.,1.,0.));
#4066=DIRECTION('',(0.,0.,-1.));
#4067=DIRECTION('',(0.,1.,0.));
#4068=DIRECTION('',(0.,0.,1.));
#4069=DIRECTION('',(0.,-1.,0.));
#4070=DIRECTION('',(-1.,0.,0.));
#4071=DIRECTION('',(0.,0.,1.));
#4072=DIRECTION('',(0.,-1.,0.));
#4073=DIRECTION('',(1.,0.,0.));
#4074=DIRECTION('',(0.,1.,0.));
#4075=DIRECTION('',(-1.,0.,0.));
#4076=DIRECTION('',(1.,0.,0.));
#4077=DIRECTION('',(0.,1.,0.));
#4078=DIRECTION('',(-1.,0.,0.));
#4079=DIRECTION('',(0.,-1.,0.));
#4080=DIRECTION('',(0.,0.,1.));
#4081=DIRECTION('',(1.,0.,0.));
#4082=DIRECTION('',(-1.,0.,0.));
#4083=DIRECTION('',(0.,-1.,0.));
#4084=DIRECTION('',(-1.,0.,0.));
#4085=DIRECTION('',(1.,0.,0.));
#4086=DIRECTION('',(0.,-1.,0.));
#4087=DIRECTION('',(-1.,0.,0.));
#4088=DIRECTION('',(0.,0.,-1.));
#4089=DIRECTION('',(-1.,0.,0.));
#4090=DIRECTION('',(0.,-1.,2.71050543121377E-17));
#4091=DIRECTION('',(1.,0.,-4.0155636017983E-16));
#4092=DIRECTION('',(0.,-1.,0.));
#4093=DIRECTION('',(-4.0155636017983E-16,0.,-1.));
#4094=DIRECTION('',(-1.,0.,4.01534274580007E-16));
#4095=DIRECTION('',(0.,1.,0.));
#4096=DIRECTION('',(-1.,0.,0.));
#4097=DIRECTION('',(0.,1.,0.));
#4098=DIRECTION('',(0.,-1.47237332065933E-16,1.));
#4099=DIRECTION('',(0.,-1.,-1.47234655023532E-16));
#4100=DIRECTION('',(0.,1.,0.));
#4101=DIRECTION('',(-1.,0.,0.));
#4102=DIRECTION('',(0.,1.,0.));
#4103=DIRECTION('',(0.,-9.51054537267987E-17,-1.));
#4104=DIRECTION('',(0.,1.,-9.51929507442273E-17));
#4105=DIRECTION('',(1.,4.08844020063831E-16,-4.08844020063833E-16));
#4106=DIRECTION('',(0.,1.,0.));
#4107=DIRECTION('',(1.,0.,-4.08844020063833E-16));
#4108=DIRECTION('',(0.,1.,0.));
#4109=DIRECTION('',(1.,4.08844020063831E-16,-4.08844020063833E-16));
#4110=DIRECTION('',(0.,1.,0.));
#4111=DIRECTION('',(1.,0.,-4.08844020063833E-16));
#4112=DIRECTION('',(0.,1.,0.));
#4113=DIRECTION('',(1.,4.08844020063831E-16,-4.08844020063833E-16));
#4114=DIRECTION('',(0.,1.,0.));
#4115=DIRECTION('',(1.,0.,-4.08844020063833E-16));
#4116=DIRECTION('',(0.,1.,0.));
#4117=DIRECTION('',(1.,4.08844020063831E-16,-4.08844020063833E-16));
#4118=DIRECTION('',(0.,1.,0.));
#4119=DIRECTION('',(1.,0.,-4.08844020063833E-16));
#4120=DIRECTION('',(0.,-1.,0.));
#4121=DIRECTION('',(1.,0.,0.));
#4122=DIRECTION('',(0.,1.,0.));
#4123=DIRECTION('',(1.,-1.44038411362696E-14,0.));
#4124=DIRECTION('',(1.5770213417971E-15,-1.,0.));
#4125=DIRECTION('',(1.,2.27166169473153E-15,0.));
#4126=DIRECTION('',(0.,1.,0.));
#4127=DIRECTION('',(1.,0.,-3.20465894845671E-16));
#4128=DIRECTION('',(0.,-1.,0.));
#4129=DIRECTION('',(1.,0.,0.));
#4130=DIRECTION('',(0.,-1.,0.));
#4131=DIRECTION('',(1.,0.,-4.08844020063833E-16));
#4132=DIRECTION('',(0.,1.,0.));
#4133=DIRECTION('',(-4.08844020063833E-16,0.,-1.));
#4134=DIRECTION('',(-1.,0.,4.08842474848917E-16));
#4135=DIRECTION('',(0.,0.,-1.));
#4136=DIRECTION('',(1.,0.,0.));
#4137=DIRECTION('',(0.,0.,-1.));
#4138=DIRECTION('',(0.,0.,-1.));
#4139=DIRECTION('',(-1.,0.,-3.62912861083014E-17));
#4140=DIRECTION('',(0.,0.,1.));
#4141=DIRECTION('',(0.,0.,-1.));
#4142=DIRECTION('',(1.,0.,0.));
#4143=DIRECTION('',(0.,0.,-1.));
#4144=DIRECTION('',(0.,0.,-1.));
#4145=DIRECTION('',(1.,0.,0.));
#4146=DIRECTION('',(0.,0.,-1.));
#4147=DIRECTION('',(0.,0.,-1.));
#4148=DIRECTION('',(1.,0.,0.));
#4149=DIRECTION('',(0.,0.,-1.));
#4150=DIRECTION('',(0.,-1.,0.));
#4151=DIRECTION('',(0.,0.,-1.));
#4152=DIRECTION('',(0.,1.,0.));
#4153=DIRECTION('',(1.,0.,-4.17000835571348E-16));
#4154=DIRECTION('',(0.,1.,0.));
#4155=DIRECTION('',(0.,1.,0.));
#4156=DIRECTION('',(1.,2.27166169473153E-15,6.71172773443408E-16));
#4157=DIRECTION('',(0.,1.,0.));
#4158=DIRECTION('',(0.,1.,0.));
#4159=DIRECTION('',(1.,0.,-6.95001392618914E-16));
#4160=DIRECTION('',(0.,1.,0.));
#4161=DIRECTION('',(0.,1.,0.));
#4162=DIRECTION('',(1.,0.,-4.17000835571348E-16));
#4163=DIRECTION('',(0.,1.,0.));
#4164=DIRECTION('',(0.,1.,0.));
#4165=DIRECTION('',(1.,0.,-4.17000835571348E-16));
#4166=DIRECTION('',(0.,1.,0.));
#4167=DIRECTION('',(6.71172773443408E-16,0.,-1.));
#4168=DIRECTION('',(-1.,0.,-6.71175354877152E-16));
#4169=DIRECTION('',(0.,1.,0.));
#4170=DIRECTION('',(-1.,0.,0.));
#4171=DIRECTION('',(0.,1.,0.));
#4172=DIRECTION('',(0.,-1.47237332065933E-16,1.));
#4173=DIRECTION('',(0.,-1.,-1.47234655023532E-16));
#4174=DIRECTION('',(0.,1.,0.));
#4175=DIRECTION('',(-1.,0.,0.));
#4176=DIRECTION('',(0.,1.,0.));
#4177=DIRECTION('',(0.,-9.51054537267987E-17,-1.));
#4178=DIRECTION('',(0.,1.,-9.51929507442273E-17));
#4179=DIRECTION('',(0.,1.,0.));
#4180=DIRECTION('',(-1.,0.,0.));
#4181=DIRECTION('',(0.,1.,0.));
#4182=DIRECTION('',(0.,-1.47237332065933E-16,1.));
#4183=DIRECTION('',(0.,-1.,-1.47234655023532E-16));
#4184=DIRECTION('',(0.,1.,0.));
#4185=DIRECTION('',(-1.,0.,0.));
#4186=DIRECTION('',(0.,1.,0.));
#4187=DIRECTION('',(0.,-9.51054537267987E-17,-1.));
#4188=DIRECTION('',(0.,1.,-9.51929507442273E-17));
#4189=DIRECTION('',(0.,1.,0.));
#4190=DIRECTION('',(-1.,0.,0.));
#4191=DIRECTION('',(0.,1.,0.));
#4192=DIRECTION('',(0.,-1.47237332065933E-16,1.));
#4193=DIRECTION('',(0.,-1.,-1.47234655023532E-16));
#4194=DIRECTION('',(0.,1.,0.));
#4195=DIRECTION('',(-1.,0.,0.));
#4196=DIRECTION('',(0.,1.,0.));
#4197=DIRECTION('',(0.,-9.51054537267987E-17,-1.));
#4198=DIRECTION('',(0.,1.,-9.51929507442273E-17));
#4199=DIRECTION('',(0.,-1.,0.));
#4200=DIRECTION('',(0.,1.,0.));
#4201=DIRECTION('',(-1.,1.44038411362696E-14,3.91408726529064E-16));
#4202=DIRECTION('',(-3.91408726529064E-16,0.,-1.));
#4203=DIRECTION('',(-1.,0.,3.91396984267267E-16));
#4204=DIRECTION('',(1.,0.,-4.0155636017983E-16));
#4205=DIRECTION('',(0.,0.,1.));
#4206=DIRECTION('',(0.,0.,-1.));
#4207=DIRECTION('',(-1.,0.,4.17000835571339E-16));
#4208=DIRECTION('',(0.,0.,-1.));
#4209=DIRECTION('',(1.,0.,-4.0155636017983E-16));
#4210=DIRECTION('',(0.,1.,0.));
#4211=DIRECTION('',(0.,0.,1.));
#4212=DIRECTION('',(1.,0.,2.00778180089915E-16));
#4213=DIRECTION('',(0.,0.,-1.));
#4214=DIRECTION('',(0.,0.,1.));
#4215=DIRECTION('',(1.,0.,2.00778180089915E-16));
#4216=DIRECTION('',(0.,1.,0.));
#4217=DIRECTION('',(0.,0.,1.));
#4218=DIRECTION('',(0.,1.,0.));
#4219=DIRECTION('',(-1.,0.,3.91408726529064E-16));
#4220=DIRECTION('',(0.,1.,0.));
#4221=DIRECTION('',(-1.95704363264532E-16,0.,-1.));
#4222=DIRECTION('',(-1.,0.,1.95698492133634E-16));
#4223=DIRECTION('',(0.,0.,-1.));
#4224=DIRECTION('',(0.,-1.,0.));
#4225=DIRECTION('',(-1.,0.,0.));
#4226=DIRECTION('',(0.,0.,1.));
#4227=DIRECTION('',(0.,0.,1.));
#4228=DIRECTION('',(1.44560289664735E-16,1.,0.));
#4229=DIRECTION('',(0.,-1.,0.));
#4230=DIRECTION('',(1.,0.,0.));
#4231=DIRECTION('',(0.,0.,-1.));
#4232=DIRECTION('',(4.76572383510113E-16,0.,1.));
#4233=DIRECTION('',(1.,0.,-6.95001392618897E-16));
#4234=DIRECTION('',(-1.,0.,-3.62912861083014E-17));
#4235=DIRECTION('',(0.,0.,1.));
#4236=DIRECTION('',(-1.,0.,0.));
#4237=DIRECTION('',(0.,-1.,0.));
#4238=DIRECTION('',(0.,0.,-1.));
#4239=DIRECTION('',(-1.73472347597682E-14,0.,-1.));
#4240=DIRECTION('',(-1.,0.,-3.62912861083014E-17));
#4241=DIRECTION('',(0.,-1.,0.));
#4242=DIRECTION('',(0.,0.,-1.));
#4243=DIRECTION('',(0.,-1.,0.));
#4244=DIRECTION('',(4.76572383510113E-16,0.,1.));
#4245=DIRECTION('',(0.,-1.,0.));
#4246=DIRECTION('',(4.76572383510113E-16,0.,1.));
#4247=DIRECTION('',(0.,-1.,0.));
#4248=DIRECTION('',(0.,1.,0.));
#4249=DIRECTION('',(1.,0.,-4.76572383510113E-16));
#4250=DIRECTION('',(-4.76615275024628E-16,0.,-1.));
#4251=DIRECTION('',(0.,0.,-1.));
#4252=DIRECTION('',(0.,0.,-1.));
#4253=DIRECTION('',(1.,0.,0.));
#4254=DIRECTION('',(0.,0.,-1.));
#4255=DIRECTION('',(1.,0.,3.43024416153606E-16));
#4256=DIRECTION('',(0.,1.,0.));
#4257=DIRECTION('',(0.,1.,0.));
#4258=DIRECTION('',(1.,0.,3.43024416153606E-16));
#4259=DIRECTION('',(2.40410046942438E-15,1.,8.24665159898908E-31));
#4260=DIRECTION('',(1.,-1.1049194114502E-15,3.43024416153606E-16));
#4261=DIRECTION('',(0.,-1.,0.));
#4262=DIRECTION('',(-3.43024416153606E-16,0.,1.));
#4263=DIRECTION('',(1.,0.,3.43041567374414E-16));
#4264=DIRECTION('',(0.44721359549996,-0.894427190999915,0.));
#4265=DIRECTION('',(-1.,0.,0.));
#4266=DIRECTION('',(0.44721359549996,0.894427190999915,0.));
#4267=DIRECTION('',(2.01712032090326E-16,-1.,0.));
#4268=DIRECTION('',(-1.,0.,0.));
#4269=DIRECTION('',(0.,1.,0.));
#4270=DIRECTION('',(-1.,1.1049194114502E-15,0.));
#4271=DIRECTION('',(-2.40410046942438E-15,-1.,0.));
#4272=DIRECTION('',(-1.,0.,0.));
#4273=DIRECTION('',(2.62225641717424E-15,1.,0.));
#4274=DIRECTION('',(-3.62912861083014E-17,0.,1.));
#4275=DIRECTION('',(1.,0.,3.64291929955129E-17));
#4276=DIRECTION('',(0.,0.,-1.));
#4277=DIRECTION('',(0.,0.,-1.));
#4278=DIRECTION('',(-1.,0.,0.));
#4279=DIRECTION('',(0.,0.,1.));
#4280=DIRECTION('',(0.,1.,0.));
#4281=DIRECTION('',(-1.,0.,0.));
#4282=DIRECTION('',(0.,-1.,0.));
#4283=DIRECTION('',(1.,0.,0.));
#4284=DIRECTION('',(0.,1.,0.));
#4285=DIRECTION('',(1.,0.,0.));
#4286=DIRECTION('',(0.,-1.,0.));
#4287=DIRECTION('',(0.,0.,1.));
#4288=DIRECTION('',(1.,0.,0.));
#4289=DIRECTION('',(0.,0.,1.));
#4290=DIRECTION('',(0.,-1.,0.));
#4291=DIRECTION('',(0.,0.,1.));
#4292=DIRECTION('',(1.,0.,0.));
#4293=DIRECTION('',(0.,0.,-1.));
#4294=DIRECTION('',(0.,0.,-1.));
#4295=DIRECTION('',(0.,-1.,0.));
#4296=DIRECTION('',(0.,0.,1.));
#4297=DIRECTION('',(-1.,0.,1.73472347597682E-14));
#4298=DIRECTION('',(1.73472347597681E-14,0.,1.));
#4299=DIRECTION('',(0.,0.,-1.));
#4300=DIRECTION('',(0.,1.,0.));
#4301=DIRECTION('',(0.,0.,1.));
#4302=DIRECTION('',(0.,0.,-1.));
#4303=DIRECTION('',(-1.,2.40410046942438E-15,0.));
#4304=DIRECTION('',(-2.40410989726936E-15,-1.,0.));
#4305=DIRECTION('',(0.,0.,-1.));
#4306=DIRECTION('',(1.1049194114502E-15,1.,0.));
#4307=DIRECTION('',(-1.,1.10501885419723E-15,0.));
#4308=DIRECTION('',(0.,0.,-1.));
#4309=DIRECTION('',(1.,0.,0.));
#4310=DIRECTION('',(0.,0.,-1.));
#4311=DIRECTION('',(0.,1.,0.));
#4312=DIRECTION('',(0.,0.,1.));
#4313=DIRECTION('',(-2.27166169473153E-15,1.,0.));
#4314=DIRECTION('',(-1.,-2.27162039179163E-15,0.));
#4315=DIRECTION('',(0.,0.,-1.));
#4316=DIRECTION('',(0.,1.,0.));
#4317=DIRECTION('',(0.,0.,1.));
#4318=DIRECTION('',(0.,0.,1.));
#4319=DIRECTION('',(1.44038411362696E-14,1.,0.));
#4320=DIRECTION('',(-1.,1.44034090210354E-14,0.));
#4321=DIRECTION('',(0.,-1.,0.));
#4322=DIRECTION('',(0.,0.,1.));
#4323=DIRECTION('',(1.,0.,0.));
#4324=DIRECTION('',(0.,0.,-1.));
#4325=DIRECTION('',(-1.,0.,0.));
#4326=DIRECTION('',(0.,0.,1.));
#4327=DIRECTION('',(1.,0.,0.));
#4328=DIRECTION('',(0.,-1.,0.));
#4329=DIRECTION('',(0.,0.,-1.));
#4330=DIRECTION('',(0.,-1.,0.));
#4331=DIRECTION('',(-1.,0.,4.87281875274384E-16));
#4332=DIRECTION('',(4.87281875274384E-16,0.,1.));
#4333=DIRECTION('',(1.,0.,-4.87240456314986E-16));
#4334=DIRECTION('',(0.,0.,-1.));
#4335=DIRECTION('',(-1.,0.,0.));
#4336=DIRECTION('',(0.,0.,1.));
#4337=DIRECTION('',(0.,-1.,0.));
#4338=DIRECTION('',(0.,0.,-1.));
#4339=DIRECTION('',(0.,-1.,0.));
#4340=DIRECTION('',(-1.,0.,0.));
#4341=DIRECTION('',(0.,0.,1.));
#4342=DIRECTION('',(1.,0.,0.));
#4343=DIRECTION('',(0.,0.,-1.));
#4344=DIRECTION('',(1.,0.,-4.17000835571339E-16));
#4345=DIRECTION('',(1.,0.,-4.17000835571339E-16));
#4346=DIRECTION('',(0.,-1.,0.));
#4347=DIRECTION('',(-4.17000835571339E-16,0.,-1.));
#4348=DIRECTION('',(-1.,0.,4.17011260592237E-16));
#4349=DIRECTION('',(0.,-1.,2.71050543121377E-17));
#4350=DIRECTION('',(2.00778180089915E-16,0.,-1.));
#4351=DIRECTION('',(-1.,0.,-2.00794242344315E-16));
#4352=DIRECTION('',(8.45679389080785E-33,-1.,2.71050543121377E-17));
#4353=DIRECTION('',(-4.0155636017983E-16,0.,-1.));
#4354=DIRECTION('',(-1.,0.,4.01534274580007E-16));
#4355=DIRECTION('',(0.,0.,-1.));
#4356=DIRECTION('',(0.,1.,0.));
#4357=DIRECTION('',(0.,1.,0.));
#4358=DIRECTION('',(1.,0.,0.));
#4359=DIRECTION('',(0.,0.,-1.));
#4360=DIRECTION('',(0.,1.,0.));
#4361=DIRECTION('',(0.,0.,1.));
#4362=DIRECTION('',(-1.,0.,0.));
#4363=DIRECTION('',(0.,0.,1.));
#4364=DIRECTION('',(-1.,0.,0.));
#4365=DIRECTION('',(-1.,0.,5.56001114095131E-16));
#4366=DIRECTION('',(-5.56001114095131E-16,0.,-1.));
#4367=DIRECTION('',(-1.,0.,5.55978874050567E-16));
#4368=DIRECTION('',(0.,-1.,0.));
#4369=DIRECTION('',(0.,0.,-1.));
#4370=DIRECTION('',(0.,0.707106781186545,-0.70710678118655));
#4371=DIRECTION('',(-1.,0.,0.));
#4372=DIRECTION('',(0.,0.,-1.));
#4373=DIRECTION('',(0.,-1.,-2.86994692716751E-15));
#4374=DIRECTION('',(0.,0.,1.));
#4375=DIRECTION('',(0.,0.707106781186545,0.70710678118655));
#4376=DIRECTION('',(0.,1.,7.22801448323669E-17));
#4377=DIRECTION('',(-1.,0.,0.));
#4378=DIRECTION('',(0.,0.,1.));
#4379=DIRECTION('',(0.,0.707106781186545,-0.70710678118655));
#4380=DIRECTION('',(0.,1.,7.22801448323669E-17));
#4381=DIRECTION('',(0.,0.707106781186545,0.70710678118655));
#4382=DIRECTION('',(0.,0.,1.));
#4383=DIRECTION('',(0.,-1.,-2.86994692716751E-15));
#4384=DIRECTION('',(-1.,0.,0.));
#4385=DIRECTION('',(0.,0.,-1.));
#4386=DIRECTION('',(-1.,0.,0.));
#4387=DIRECTION('',(0.,0.,1.));
#4388=DIRECTION('',(-1.,0.,0.));
#4389=DIRECTION('',(-1.,0.,0.));
#4390=DIRECTION('',(0.,2.86994692716751E-15,-1.));
#4391=DIRECTION('',(0.,1.,2.86999157078638E-15));
#4392=DIRECTION('',(-1.,0.,0.));
#4393=DIRECTION('',(0.,-1.,0.));
#4394=DIRECTION('',(0.,0.,-1.));
#4395=DIRECTION('',(-1.,0.,0.));
#4396=DIRECTION('',(0.,-0.70710678118655,0.707106781186545));
#4397=DIRECTION('',(0.,-0.707106781186545,-0.70710678118655));
#4398=DIRECTION('',(-1.,0.,0.));
#4399=DIRECTION('',(0.,-7.22801448323669E-17,1.));
#4400=DIRECTION('',(0.,-1.,-7.2282403586893E-17));
#4401=DIRECTION('',(0.,0.70710678118655,0.707106781186545));
#4402=DIRECTION('',(0.,-0.707106781186545,0.70710678118655));
#4403=DIRECTION('',(-1.,0.,0.));
#4404=DIRECTION('',(0.,0.,1.));
#4405=DIRECTION('',(-1.93607530800989E-16,0.,-1.));
#4406=DIRECTION('',(-1.,0.,0.));
#4407=DIRECTION('',(-1.93607530800989E-16,0.,1.));
#4408=DIRECTION('',(0.,1.,0.));
#4409=DIRECTION('',(0.,0.,1.));
#4410=DIRECTION('',(0.,1.,0.));
#4411=DIRECTION('',(0.,-1.47237332065933E-16,1.));
#4412=DIRECTION('',(0.,-1.,-1.47234655023532E-16));
#4413=DIRECTION('',(1.,0.,1.93607530800989E-16));
#4414=DIRECTION('',(1.93611402951599E-16,0.,-1.));
#4415=DIRECTION('',(-1.,0.,1.93607530800989E-16));
#4416=DIRECTION('',(1.93611402951599E-16,0.,1.));
#4417=DIRECTION('',(0.,0.,-1.));
#4418=DIRECTION('',(0.,1.,0.));
#4419=DIRECTION('',(0.,1.,0.));
#4420=DIRECTION('',(1.,0.,0.));
#4421=DIRECTION('',(0.,0.,-1.));
#4422=DIRECTION('',(0.,1.,0.));
#4423=DIRECTION('',(-1.66800334228539E-15,0.,1.));
#4424=DIRECTION('',(-1.,0.,-1.66800334228539E-15));
#4425=DIRECTION('',(-1.6679366221517E-15,0.,1.));
#4426=DIRECTION('',(-1.,0.,0.));
#4427=DIRECTION('',(-1.,0.,2.78000557047565E-16));
#4428=DIRECTION('',(-2.78000557047565E-16,0.,-1.));
#4429=DIRECTION('',(-1.,0.,2.77989437025283E-16));
#4430=DIRECTION('',(0.,-1.,0.));
#4431=DIRECTION('',(0.,0.,-1.));
#4432=DIRECTION('',(0.,0.707106781186545,-0.70710678118655));
#4433=DIRECTION('',(-1.,0.,0.));
#4434=DIRECTION('',(0.,0.,-1.));
#4435=DIRECTION('',(0.,-1.,-2.86994692716751E-15));
#4436=DIRECTION('',(0.,0.,1.));
#4437=DIRECTION('',(0.,0.707106781186545,0.70710678118655));
#4438=DIRECTION('',(0.,1.,7.22801448323669E-17));
#4439=DIRECTION('',(-1.,0.,0.));
#4440=DIRECTION('',(0.,0.,1.));
#4441=DIRECTION('',(0.,0.707106781186545,-0.70710678118655));
#4442=DIRECTION('',(0.,1.,7.22801448323669E-17));
#4443=DIRECTION('',(0.,0.707106781186545,0.70710678118655));
#4444=DIRECTION('',(0.,0.,1.));
#4445=DIRECTION('',(0.,-1.,-2.86994692716751E-15));
#4446=DIRECTION('',(-1.,0.,0.));
#4447=DIRECTION('',(0.,0.,-1.));
#4448=DIRECTION('',(-1.,0.,0.));
#4449=DIRECTION('',(0.,0.,1.));
#4450=DIRECTION('',(-1.,0.,0.));
#4451=DIRECTION('',(-1.,0.,0.));
#4452=DIRECTION('',(0.,2.86994692716751E-15,-1.));
#4453=DIRECTION('',(0.,1.,2.86999157078638E-15));
#4454=DIRECTION('',(-1.,0.,0.));
#4455=DIRECTION('',(0.,-1.,0.));
#4456=DIRECTION('',(0.,0.,-1.));
#4457=DIRECTION('',(-1.,0.,0.));
#4458=DIRECTION('',(0.,-0.70710678118655,0.707106781186545));
#4459=DIRECTION('',(0.,-0.707106781186545,-0.70710678118655));
#4460=DIRECTION('',(-1.,0.,0.));
#4461=DIRECTION('',(0.,-7.22801448323669E-17,1.));
#4462=DIRECTION('',(0.,-1.,-7.2282403586893E-17));
#4463=DIRECTION('',(0.,0.70710678118655,0.707106781186545));
#4464=DIRECTION('',(0.,-0.707106781186545,0.70710678118655));
#4465=DIRECTION('',(-1.,0.,0.));
#4466=DIRECTION('',(0.,0.,1.));
#4467=DIRECTION('',(-3.87215061601979E-16,0.,-1.));
#4468=DIRECTION('',(-1.,0.,0.));
#4469=DIRECTION('',(-3.87215061601979E-16,0.,1.));
#4470=DIRECTION('',(0.,1.,0.));
#4471=DIRECTION('',(0.,0.,1.));
#4472=DIRECTION('',(0.,1.,0.));
#4473=DIRECTION('',(0.,-1.47237332065933E-16,1.));
#4474=DIRECTION('',(0.,-1.,-1.47234655023532E-16));
#4475=DIRECTION('',(1.,0.,3.87215061601979E-16));
#4476=DIRECTION('',(3.87277016011822E-16,0.,-1.));
#4477=DIRECTION('',(-1.,0.,3.87215061601979E-16));
#4478=DIRECTION('',(3.87277016011822E-16,0.,1.));
#4479=DIRECTION('',(0.,0.,-1.));
#4480=DIRECTION('',(0.,1.,0.));
#4481=DIRECTION('',(0.,1.,0.));
#4482=DIRECTION('',(1.,0.,0.));
#4483=DIRECTION('',(0.,0.,-1.));
#4484=DIRECTION('',(0.,1.,0.));
#4485=DIRECTION('',(0.,0.,1.));
#4486=DIRECTION('',(-1.,0.,0.));
#4487=DIRECTION('',(0.,0.,1.));
#4488=DIRECTION('',(-1.,0.,0.));
#4489=DIRECTION('',(-1.,0.,2.78000557047565E-16));
#4490=DIRECTION('',(-2.78000557047565E-16,0.,-1.));
#4491=DIRECTION('',(-1.,0.,2.77989437025283E-16));
#4492=DIRECTION('',(0.,-1.,0.));
#4493=DIRECTION('',(0.,0.,-1.));
#4494=DIRECTION('',(0.,0.707106781186545,-0.70710678118655));
#4495=DIRECTION('',(-1.,0.,0.));
#4496=DIRECTION('',(0.,0.,-1.));
#4497=DIRECTION('',(0.,-1.,-2.86994692716751E-15));
#4498=DIRECTION('',(0.,0.,1.));
#4499=DIRECTION('',(0.,0.707106781186545,0.70710678118655));
#4500=DIRECTION('',(0.,1.,7.22801448323669E-17));
#4501=DIRECTION('',(-1.,0.,0.));
#4502=DIRECTION('',(0.,0.,1.));
#4503=DIRECTION('',(0.,0.707106781186545,-0.70710678118655));
#4504=DIRECTION('',(0.,1.,7.22801448323669E-17));
#4505=DIRECTION('',(0.,0.707106781186545,0.70710678118655));
#4506=DIRECTION('',(0.,0.,1.));
#4507=DIRECTION('',(0.,-1.,-2.86994692716751E-15));
#4508=DIRECTION('',(-1.,0.,0.));
#4509=DIRECTION('',(0.,0.,-1.));
#4510=DIRECTION('',(-1.,0.,0.));
#4511=DIRECTION('',(0.,0.,1.));
#4512=DIRECTION('',(-1.,0.,0.));
#4513=DIRECTION('',(-1.,0.,0.));
#4514=DIRECTION('',(0.,2.86994692716751E-15,-1.));
#4515=DIRECTION('',(0.,1.,2.86999157078638E-15));
#4516=DIRECTION('',(-1.,0.,0.));
#4517=DIRECTION('',(0.,-1.,0.));
#4518=DIRECTION('',(0.,0.,-1.));
#4519=DIRECTION('',(-1.,0.,0.));
#4520=DIRECTION('',(0.,-0.70710678118655,0.707106781186545));
#4521=DIRECTION('',(0.,-0.707106781186545,-0.70710678118655));
#4522=DIRECTION('',(-1.,0.,0.));
#4523=DIRECTION('',(0.,-7.22801448323669E-17,1.));
#4524=DIRECTION('',(0.,-1.,-7.2282403586893E-17));
#4525=DIRECTION('',(0.,0.70710678118655,0.707106781186545));
#4526=DIRECTION('',(0.,-0.707106781186545,0.70710678118655));
#4527=DIRECTION('',(-1.,0.,0.));
#4528=DIRECTION('',(0.,0.,1.));
#4529=DIRECTION('',(0.,0.,-1.));
#4530=DIRECTION('',(-1.,0.,0.));
#4531=DIRECTION('',(0.,0.,1.));
#4532=DIRECTION('',(0.,1.,0.));
#4533=DIRECTION('',(0.,0.,1.));
#4534=DIRECTION('',(0.,1.,0.));
#4535=DIRECTION('',(0.,-1.47237332065933E-16,1.));
#4536=DIRECTION('',(0.,-1.,-1.47234655023532E-16));
#4537=DIRECTION('',(1.,0.,0.));
#4538=DIRECTION('',(0.,0.,-1.));
#4539=DIRECTION('',(-1.,0.,0.));
#4540=DIRECTION('',(0.,0.,1.));
#4541=DIRECTION('',(0.,0.,-1.));
#4542=DIRECTION('',(0.,1.,0.));
#4543=DIRECTION('',(0.,1.,0.));
#4544=DIRECTION('',(1.,0.,0.));
#4545=DIRECTION('',(0.,0.,-1.));
#4546=DIRECTION('',(0.,1.,0.));
#4547=DIRECTION('',(0.,0.,1.));
#4548=DIRECTION('',(-1.,0.,0.));
#4549=DIRECTION('',(0.,0.,1.));
#4550=DIRECTION('',(-1.,0.,0.));
#4551=DIRECTION('',(-1.,0.,2.78000557047565E-16));
#4552=DIRECTION('',(-2.78000557047565E-16,0.,-1.));
#4553=DIRECTION('',(-1.,0.,2.77989437025283E-16));
#4554=DIRECTION('',(0.,-1.,0.));
#4555=DIRECTION('',(0.,0.,-1.));
#4556=DIRECTION('',(0.,0.707106781186545,-0.70710678118655));
#4557=DIRECTION('',(-1.,0.,0.));
#4558=DIRECTION('',(0.,0.,-1.));
#4559=DIRECTION('',(0.,-1.,-2.86994692716751E-15));
#4560=DIRECTION('',(0.,0.,1.));
#4561=DIRECTION('',(0.,0.707106781186545,0.70710678118655));
#4562=DIRECTION('',(0.,1.,7.22801448323669E-17));
#4563=DIRECTION('',(-1.,0.,0.));
#4564=DIRECTION('',(0.,0.,1.));
#4565=DIRECTION('',(0.,0.707106781186545,-0.70710678118655));
#4566=DIRECTION('',(0.,1.,7.22801448323669E-17));
#4567=DIRECTION('',(0.,0.707106781186545,0.70710678118655));
#4568=DIRECTION('',(0.,0.,1.));
#4569=DIRECTION('',(0.,-1.,-2.86994692716751E-15));
#4570=DIRECTION('',(-1.,0.,0.));
#4571=DIRECTION('',(0.,0.,-1.));
#4572=DIRECTION('',(-1.,0.,0.));
#4573=DIRECTION('',(0.,0.,1.));
#4574=DIRECTION('',(-1.,0.,0.));
#4575=DIRECTION('',(-1.,0.,0.));
#4576=DIRECTION('',(0.,2.86994692716751E-15,-1.));
#4577=DIRECTION('',(0.,1.,2.86999157078638E-15));
#4578=DIRECTION('',(-1.,0.,0.));
#4579=DIRECTION('',(0.,-1.,0.));
#4580=DIRECTION('',(0.,0.,-1.));
#4581=DIRECTION('',(-1.,0.,0.));
#4582=DIRECTION('',(0.,-0.70710678118655,0.707106781186545));
#4583=DIRECTION('',(0.,-0.707106781186545,-0.70710678118655));
#4584=DIRECTION('',(-1.,0.,0.));
#4585=DIRECTION('',(0.,-7.22801448323669E-17,1.));
#4586=DIRECTION('',(0.,-1.,-7.2282403586893E-17));
#4587=DIRECTION('',(0.,0.70710678118655,0.707106781186545));
#4588=DIRECTION('',(0.,-0.707106781186545,0.70710678118655));
#4589=DIRECTION('',(-1.,0.,0.));
#4590=DIRECTION('',(0.,0.,1.));
#4591=DIRECTION('',(0.,0.,-1.));
#4592=DIRECTION('',(-1.,0.,0.));
#4593=DIRECTION('',(0.,0.,1.));
#4594=DIRECTION('',(0.,1.,0.));
#4595=DIRECTION('',(0.,0.,1.));
#4596=DIRECTION('',(0.,1.,0.));
#4597=DIRECTION('',(0.,-1.47237332065933E-16,1.));
#4598=DIRECTION('',(0.,-1.,-1.47234655023532E-16));
#4599=DIRECTION('',(1.,0.,0.));
#4600=DIRECTION('',(0.,0.,-1.));
#4601=DIRECTION('',(-1.,0.,0.));
#4602=DIRECTION('',(0.,0.,1.));
#4603=DIRECTION('',(0.,-1.,0.));
#4604=DIRECTION('',(-8.45679389080785E-33,1.,-2.71050543121377E-17));
#4605=DIRECTION('',(-3.12000625175685E-16,0.,-1.));
#4606=DIRECTION('',(0.,-1.,0.));
#4607=DIRECTION('',(-3.12000625175685E-16,0.,-1.));
#4608=DIRECTION('',(0.,-1.,0.));
#4609=DIRECTION('',(3.12000625175685E-16,0.,1.));
#4610=DIRECTION('',(-3.07519777847557E-32,-1.,-9.85638338623186E-17));
#4611=DIRECTION('',(-3.12000625175685E-16,0.,-1.));
#4612=DIRECTION('',(0.,-1.,0.));
#4613=DIRECTION('',(3.18882991907501E-16,0.,1.));
#4614=DIRECTION('',(0.,-1.,0.));
#4615=DIRECTION('',(-3.12000625175685E-16,0.,-1.));
#4616=DIRECTION('',(1.55913717903075E-16,-0.8661855860486,0.499722453489577));
#4617=DIRECTION('',(3.12000625175685E-16,0.,1.));
#4618=DIRECTION('',(-1.,0.,3.12000625175685E-16));
#4619=DIRECTION('',(3.11816544806831E-16,0.,1.));
#4620=DIRECTION('',(-4.62299403496357E-15,-1.,0.));
#4621=DIRECTION('',(0.,0.,1.));
#4622=DIRECTION('',(-1.4448004525685E-15,-0.8661855860486,0.499722453489577));
#4623=DIRECTION('',(0.,0.,-1.));
#4624=DIRECTION('',(0.,-1.,0.));
#4625=DIRECTION('',(-6.37765983815004E-16,0.,-1.));
#4626=DIRECTION('',(0.,-1.,0.));
#4627=DIRECTION('',(2.72755263518366E-16,0.,1.));
#4628=DIRECTION('',(2.75978734814492E-15,1.,9.85638338623186E-17));
#4629=DIRECTION('',(-2.72755263518366E-16,0.,-1.));
#4630=DIRECTION('',(0.,-1.,0.));
#4631=DIRECTION('',(6.37765983815005E-16,0.,1.));
#4632=DIRECTION('',(0.,-1.,0.));
#4633=DIRECTION('',(0.,0.,-1.));
#4634=DIRECTION('',(0.,1.,-2.71050543121377E-17));
#4635=DIRECTION('',(1.,0.,-6.37765983815005E-16));
#4636=DIRECTION('',(-6.37944558290471E-16,0.,-1.));
#4637=DIRECTION('',(1.,0.,0.));
#4638=DIRECTION('',(0.,0.499722453489577,0.8661855860486));
#4639=DIRECTION('',(0.,-0.8661855860486,0.499722453489577));
#4640=DIRECTION('',(1.,0.,0.));
#4641=DIRECTION('',(0.,-1.,0.));
#4642=DIRECTION('',(0.,0.,-1.));
#4643=DIRECTION('',(0.,1.,0.));
#4644=DIRECTION('',(0.999999999999999,0.,0.));
#4645=DIRECTION('',(-1.,0.,4.80896124892765E-16));
#4646=DIRECTION('',(1.73472347597681E-15,0.,1.));
#4647=DIRECTION('',(1.,0.,-4.27425856460625E-16));
#4648=DIRECTION('',(0.,-1.,0.));
#4649=DIRECTION('',(0.,0.,-1.));
#4650=DIRECTION('',(1.,0.,0.));
#4651=DIRECTION('',(0.,1.,0.));
#4652=DIRECTION('',(0.999999999999999,0.,0.));
#4653=DIRECTION('',(0.,1.,0.));
#4654=DIRECTION('',(0.,0.,1.));
#4655=DIRECTION('',(0.,1.,0.));
#4656=DIRECTION('',(0.999999999999999,0.,0.));
#4657=DIRECTION('',(0.,-1.,0.));
#4658=DIRECTION('',(0.,0.,-1.));
#4659=DIRECTION('',(0.,-1.,0.));
#4660=DIRECTION('',(1.,0.,0.));
#4661=DIRECTION('',(-1.,0.,5.82556391186241E-15));
#4662=DIRECTION('',(-1.73472347597681E-15,0.,-1.));
#4663=DIRECTION('',(1.,0.,-3.23642439547917E-16));
#4664=DIRECTION('',(0.,1.,0.));
#4665=DIRECTION('',(0.,0.,-1.));
#4666=DIRECTION('',(0.,-1.,0.));
#4667=DIRECTION('',(0.,0.,-1.));
#4668=DIRECTION('',(1.,0.,-4.27425856460625E-16));
#4669=DIRECTION('',(1.73472347597681E-15,0.,1.));
#4670=DIRECTION('',(-1.,0.,4.80896124892765E-16));
#4671=DIRECTION('',(0.,1.,0.));
#4672=DIRECTION('',(0.999999999999999,0.,0.));
#4673=DIRECTION('',(0.,1.,0.));
#4674=DIRECTION('',(0.,0.,1.));
#4675=DIRECTION('',(0.,-1.,0.));
#4676=DIRECTION('',(0.,0.,-1.));
#4677=DIRECTION('',(0.,-1.,0.));
#4678=DIRECTION('',(0.,-1.,0.));
#4679=DIRECTION('',(0.,0.,-1.));
#4680=DIRECTION('',(0.,1.,0.));
#4681=DIRECTION('',(0.,0.,-1.));
#4682=DIRECTION('',(0.,-1.,0.));
#4683=DIRECTION('',(0.,-1.,0.));
#4684=DIRECTION('',(0.,0.,-1.));
#4685=DIRECTION('',(0.,-1.,0.));
#4686=DIRECTION('',(1.,0.,0.));
#4687=DIRECTION('',(0.,-1.,0.));
#4688=DIRECTION('',(1.,0.,-5.8255639118625E-15));
#4689=DIRECTION('',(0.,-1.,0.));
#4690=DIRECTION('',(1.,0.,0.));
#4691=DIRECTION('',(5.82556391186241E-15,0.,1.));
#4692=DIRECTION('',(1.,0.,-5.82563511319911E-15));
#4693=DIRECTION('',(1.73472347597681E-15,0.,1.));
#4694=DIRECTION('',(0.,-1.,0.));
#4695=DIRECTION('',(-1.,0.,1.73472347597681E-15));
#4696=DIRECTION('',(1.73472347597681E-15,0.,1.));
#4697=DIRECTION('',(-1.,0.,3.23642439547917E-16));
#4698=DIRECTION('',(-1.,0.,3.23642439547916E-16));
#4699=DIRECTION('',(0.,-1.,0.));
#4700=DIRECTION('',(1.,0.,-3.23642439547917E-16));
#4701=DIRECTION('',(-2.75978734814492E-15,-1.,8.93184309987098E-31));
#4702=DIRECTION('',(-3.23642439547917E-16,0.,-1.));
#4703=DIRECTION('',(-1.,0.,3.23742768704172E-16));
#4704=DIRECTION('',(0.,1.,0.));
#4705=DIRECTION('',(0.,0.,1.));
#4706=DIRECTION('',(0.,1.,0.));
#4707=DIRECTION('',(0.,0.,1.));
#4708=DIRECTION('',(0.,-1.,0.));
#4709=DIRECTION('',(0.,0.,-1.));
#4710=DIRECTION('',(0.,-1.,0.));
#4711=DIRECTION('',(0.,0.,-1.));
#4712=DIRECTION('',(0.,-1.,0.));
#4713=DIRECTION('',(0.,-1.,0.));
#4714=DIRECTION('',(0.,0.,-1.));
#4715=DIRECTION('',(0.,-1.,0.));
#4716=DIRECTION('',(-4.27425856460625E-16,0.,-1.));
#4717=DIRECTION('',(-1.,0.,4.27426377711676E-16));
#4718=DIRECTION('',(0.,-1.,0.));
#4719=DIRECTION('',(1.,0.,-1.73472347597681E-15));
#4720=DIRECTION('',(-1.73472347597681E-15,0.,-1.));
#4721=DIRECTION('',(0.,-1.,0.));
#4722=DIRECTION('',(4.80896124892765E-16,0.,1.));
#4723=DIRECTION('',(1.,0.,-4.80897873605945E-16));
#4724=DIRECTION('',(0.,-1.,0.));
#4725=DIRECTION('',(0.,0.,-1.));
#4726=DIRECTION('',(0.,-1.,0.));
#4727=DIRECTION('',(0.,0.,1.));
#4728=DIRECTION('',(0.,-1.,0.));
#4729=DIRECTION('',(0.,0.,1.));
#4730=DIRECTION('',(0.,-1.,0.));
#4731=DIRECTION('',(0.,0.,-1.));
#4732=DIRECTION('',(1.,0.,0.));
#4733=DIRECTION('',(0.,1.,0.));
#4734=DIRECTION('',(0.,0.,1.));
#4735=DIRECTION('',(1.,0.,0.));
#4736=DIRECTION('',(0.,-2.71050543121377E-17,-1.));
#4737=DIRECTION('',(0.,1.,-2.71050543121376E-17));
#4738=DIRECTION('',(1.,0.,0.));
#4739=DIRECTION('',(0.,0.,1.));
#4740=DIRECTION('',(1.,0.,0.));
#4741=DIRECTION('',(0.,1.,0.));
#4742=DIRECTION('',(0.,0.,1.));
#4743=DIRECTION('',(0.,-1.,0.));
#4744=DIRECTION('',(0.,0.,-1.));
#4745=DIRECTION('',(0.,0.,1.));
#4746=DIRECTION('',(1.,0.,0.));
#4747=DIRECTION('',(2.72755263518366E-16,0.,1.));
#4748=DIRECTION('',(-1.,0.,0.));
#4749=DIRECTION('',(0.,-1.,0.));
#4750=DIRECTION('',(0.,0.,-1.));
#4751=DIRECTION('',(-1.,0.,0.));
#4752=DIRECTION('',(0.,9.85638338623186E-17,-1.));
#4753=DIRECTION('',(0.,1.,9.85539774789324E-17));
#4754=DIRECTION('',(-2.72755263518366E-16,0.,-1.));
#4755=DIRECTION('',(0.,1.,0.));
#4756=DIRECTION('',(0.,0.,1.));
#4757=DIRECTION('',(1.,-2.75978734814492E-15,-2.72755263518366E-16));
#4758=DIRECTION('',(2.7597282098446E-15,1.,0.));
#4759=DIRECTION('',(0.,1.,-2.71050543121377E-17));
#4760=DIRECTION('',(0.,1.,-2.71050543121377E-17));
#4761=DIRECTION('',(-1.,0.,0.));
#4762=DIRECTION('',(-1.,0.,0.));
#4763=DIRECTION('',(0.,2.71050543121377E-17,1.));
#4764=DIRECTION('',(0.,-1.,2.71050543121376E-17));
#4765=DIRECTION('',(0.,-1.,0.));
#4766=DIRECTION('',(0.,0.,1.));
#4767=DIRECTION('',(0.,-0.8661855860486,0.499722453489577));
#4768=DIRECTION('',(0.,0.,-1.));
#4769=DIRECTION('',(0.,-1.,0.));
#4770=DIRECTION('',(0.,0.,1.));
#4771=DIRECTION('',(0.,-1.,0.));
#4772=DIRECTION('',(0.,0.,-1.));
#4773=DIRECTION('',(0.,-1.,-9.85638338623186E-17));
#4774=DIRECTION('',(0.,0.,1.));
#4775=DIRECTION('',(0.,-1.,0.));
#4776=DIRECTION('',(0.,0.,-1.));
#4777=DIRECTION('',(0.,-1.,0.));
#4778=DIRECTION('',(0.,0.,-1.));
#4779=DIRECTION('',(-1.,0.,0.));
#4780=DIRECTION('',(0.,0.,1.));
#4781=DIRECTION('',(0.,0.,-1.));
#4782=DIRECTION('',(0.,-1.,0.));
#4783=DIRECTION('',(-1.27553196763001E-15,0.,1.));
#4784=DIRECTION('',(0.,-1.,0.));
#4785=DIRECTION('',(0.,0.,-1.));
#4786=DIRECTION('',(3.15404268359419E-15,1.,9.85638338623186E-17));
#4787=DIRECTION('',(0.,0.,1.));
#4788=DIRECTION('',(0.,-1.,0.));
#4789=DIRECTION('',(1.27553196763001E-15,0.,-1.));
#4790=DIRECTION('',(0.,-1.,0.));
#4791=DIRECTION('',(0.,0.,-1.));
#4792=DIRECTION('',(0.,-0.8661855860486,0.499722453489577));
#4793=DIRECTION('',(0.,0.,1.));
#4794=DIRECTION('',(-5.28342175424408E-15,-1.,0.));
#4795=DIRECTION('',(1.,0.,1.27553196763001E-15));
#4796=DIRECTION('',(1.27502175484295E-15,0.,-1.));
#4797=DIRECTION('',(-1.,0.,0.));
#4798=DIRECTION('',(0.,-0.499722453489577,-0.8661855860486));
#4799=DIRECTION('',(0.,0.8661855860486,-0.499722453489577));
#4800=DIRECTION('',(-1.,0.,0.));
#4801=DIRECTION('',(0.,1.,0.));
#4802=DIRECTION('',(0.,0.,1.));
#4803=DIRECTION('',(0.,-1.,0.));
#4804=DIRECTION('',(-0.999999999999997,0.,3.01167270134862E-16));
#4805=DIRECTION('',(0.,1.,0.));
#4806=DIRECTION('',(0.,0.,-1.));
#4807=DIRECTION('',(-1.,0.,-4.27425856460626E-16));
#4808=DIRECTION('',(-6.93889390390723E-15,0.,1.));
#4809=DIRECTION('',(1.,0.,4.80896124892764E-16));
#4810=DIRECTION('',(0.,-1.,0.));
#4811=DIRECTION('',(-0.999999999999997,0.,3.01167270134862E-16));
#4812=DIRECTION('',(0.,-1.,0.));
#4813=DIRECTION('',(0.,0.,-1.));
#4814=DIRECTION('',(0.,-1.,0.));
#4815=DIRECTION('',(-0.999999999999997,0.,3.01167270134862E-16));
#4816=DIRECTION('',(0.,-1.,0.));
#4817=DIRECTION('',(0.,0.,-1.));
#4818=DIRECTION('',(0.,-1.,0.));
#4819=DIRECTION('',(-0.999999999999997,0.,3.01167270134862E-16));
#4820=DIRECTION('',(1.,0.,4.80896124892764E-16));
#4821=DIRECTION('',(-6.93889390390723E-15,0.,1.));
#4822=DIRECTION('',(-1.,0.,-4.27425856460626E-16));
#4823=DIRECTION('',(0.,1.,0.));
#4824=DIRECTION('',(0.,0.,-1.));
#4825=DIRECTION('',(0.,-1.,0.));
#4826=DIRECTION('',(0.,0.,-1.));
#4827=DIRECTION('',(-1.,0.,-3.23642439547917E-16));
#4828=DIRECTION('',(0.,0.,-1.));
#4829=DIRECTION('',(1.,0.,5.82556391186242E-15));
#4830=DIRECTION('',(0.,1.,0.));
#4831=DIRECTION('',(-0.999999999999999,0.,0.));
#4832=DIRECTION('',(0.,-1.,0.));
#4833=DIRECTION('',(0.,0.,-1.));
#4834=DIRECTION('',(1.,0.,3.23642439547917E-16));
#4835=DIRECTION('',(-3.15404268359419E-15,-1.,-1.02078206855668E-30));
#4836=DIRECTION('',(-1.,0.,-3.23642439547917E-16));
#4837=DIRECTION('',(0.,-1.,0.));
#4838=DIRECTION('',(1.,0.,3.23642439547917E-16));
#4839=DIRECTION('',(0.,-1.,0.));
#4840=DIRECTION('',(0.,-1.,0.));
#4841=DIRECTION('',(-3.23642439547917E-16,0.,1.));
#4842=DIRECTION('',(1.,0.,3.23742768704172E-16));
#4843=DIRECTION('',(0.,1.,0.));
#4844=DIRECTION('',(0.,0.,1.));
#4845=DIRECTION('',(0.,-1.,0.));
#4846=DIRECTION('',(0.,0.,-1.));
#4847=DIRECTION('',(0.,-1.,0.));
#4848=DIRECTION('',(0.,0.,-1.));
#4849=DIRECTION('',(0.,-1.,0.));
#4850=DIRECTION('',(0.,0.,-1.));
#4851=DIRECTION('',(0.,-1.,0.));
#4852=DIRECTION('',(0.,0.,-1.));
#4853=DIRECTION('',(0.,-1.,0.));
#4854=DIRECTION('',(0.,0.,1.));
#4855=DIRECTION('',(0.,-1.,0.));
#4856=DIRECTION('',(0.,-1.,0.));
#4857=DIRECTION('',(0.,0.,-1.));
#4858=DIRECTION('',(0.,1.,0.));
#4859=DIRECTION('',(0.,0.,-1.));
#4860=DIRECTION('',(0.,-1.,0.));
#4861=DIRECTION('',(0.,1.,0.));
#4862=DIRECTION('',(0.,0.,-1.));
#4863=DIRECTION('',(0.,-1.,0.));
#4864=DIRECTION('',(0.,0.,-1.));
#4865=DIRECTION('',(-1.,0.,0.));
#4866=DIRECTION('',(-1.,0.,-5.82556391186251E-15));
#4867=DIRECTION('',(0.,0.,1.));
#4868=DIRECTION('',(0.,-1.,0.));
#4869=DIRECTION('',(0.,0.,-1.));
#4870=DIRECTION('',(0.,-1.,0.));
#4871=DIRECTION('',(-1.,0.,0.));
#4872=DIRECTION('',(0.,0.,1.));
#4873=DIRECTION('',(0.,-1.,0.));
#4874=DIRECTION('',(0.,1.,0.));
#4875=DIRECTION('',(0.,0.,-1.));
#4876=DIRECTION('',(0.,-1.,0.));
#4877=DIRECTION('',(0.,0.,-1.));
#4878=DIRECTION('',(0.,-1.,0.));
#4879=DIRECTION('',(-4.27425856460626E-16,0.,1.));
#4880=DIRECTION('',(1.,0.,4.27426377711676E-16));
#4881=DIRECTION('',(0.,-1.,0.));
#4882=DIRECTION('',(1.,0.,6.93889390390723E-15));
#4883=DIRECTION('',(6.93889390390723E-15,0.,-1.));
#4884=DIRECTION('',(0.,-1.,0.));
#4885=DIRECTION('',(4.80896124892764E-16,0.,-1.));
#4886=DIRECTION('',(-1.,0.,-4.80897873605945E-16));
#4887=DIRECTION('',(0.,-1.,0.));
#4888=DIRECTION('',(0.,0.,-1.));
#4889=DIRECTION('',(0.,-1.,0.));
#4890=DIRECTION('',(-1.,0.,0.));
#4891=DIRECTION('',(-1.,0.,0.));
#4892=DIRECTION('',(5.82556391186242E-15,0.,-1.));
#4893=DIRECTION('',(-1.,0.,-5.82563511319911E-15));
#4894=DIRECTION('',(0.,1.,0.));
#4895=DIRECTION('',(0.,0.,1.));
#4896=DIRECTION('',(0.,0.,-1.));
#4897=DIRECTION('',(-1.,0.,0.));
#4898=DIRECTION('',(-1.,0.,0.));
#4899=DIRECTION('',(0.,0.,-1.));
#4900=DIRECTION('',(-1.,0.,0.));
#4901=DIRECTION('',(0.,-1.,0.));
#4902=DIRECTION('',(0.,0.,-1.));
#4903=DIRECTION('',(1.,0.,0.));
#4904=DIRECTION('',(1.,0.,0.));
#4905=DIRECTION('',(0.,-9.85638338623186E-17,1.));
#4906=DIRECTION('',(0.,-1.,-9.85539774789324E-17));
#4907=DIRECTION('',(0.,0.,1.));
#4908=DIRECTION('',(0.,1.,0.));
#4909=DIRECTION('',(0.,0.,1.));
#4910=DIRECTION('',(0.,0.,-1.));
#4911=DIRECTION('',(0.,-1.,0.));
#4912=DIRECTION('',(0.,0.,-1.));
#4913=DIRECTION('',(1.,-3.15404268359419E-15,0.));
#4914=DIRECTION('',(3.15372727932584E-15,1.,0.));
#4915=DIRECTION('',(0.,0.,-1.));
#4916=DIRECTION('',(-0.44721359549996,0.894427190999915,0.));
#4917=DIRECTION('',(0.,0.,-1.));
#4918=DIRECTION('',(-0.894427190999915,-0.44721359549996,0.));
#4919=DIRECTION('',(0.44721359549996,-0.894427190999915,0.));
#4920=DIRECTION('',(0.,0.,-1.));
#4921=DIRECTION('',(-0.44721359549996,-0.894427190999915,0.));
#4922=DIRECTION('',(0.894427190999915,-0.44721359549996,0.));
#4923=DIRECTION('',(0.44721359549996,0.894427190999915,0.));
#4924=DIRECTION('',(1.,0.,0.));
#4925=DIRECTION('',(0.,1.,0.));
#4926=DIRECTION('',(0.,0.,1.));
#4927=DIRECTION('',(0.,0.,-1.));
#4928=DIRECTION('',(-1.,0.,0.));
#4929=CARTESIAN_POINT('',(0.,0.,0.));
#4930=CARTESIAN_POINT('',(-8.32499999999999,6.6,0.27));
#4931=CARTESIAN_POINT('',(-8.32499999999999,9.1,0.27));
#4932=CARTESIAN_POINT('',(-8.32499999999999,6.75,0.27));
#4933=CARTESIAN_POINT('',(-8.58499999999999,6.74999999999999,0.270000000000001));
#4934=CARTESIAN_POINT('',(-8.315,6.74999999999999,0.270000000000001));
#4935=CARTESIAN_POINT('',(-8.315,30.0150000000001,0.270000000000001));
#4936=CARTESIAN_POINT('',(-8.315,9.1,0.270000000000001));
#4937=CARTESIAN_POINT('',(-8.58499999999999,9.1,0.270000000000001));
#4938=CARTESIAN_POINT('',(-8.58499999999999,30.0150000000001,0.270000000000001));
#4939=CARTESIAN_POINT('',(0.,9.1,2.1));
#4940=CARTESIAN_POINT('',(-8.57499999999998,9.1,2.1));
#4941=CARTESIAN_POINT('',(-8.32499999999999,9.1,2.1));
#4942=CARTESIAN_POINT('',(-8.32499999999999,9.1,0.));
#4943=CARTESIAN_POINT('',(-8.315,9.1,0.270000000000001));
#4944=CARTESIAN_POINT('',(-8.315,9.1,0.380000000000002));
#4945=CARTESIAN_POINT('',(-8.585,9.1,0.379999999999996));
#4946=CARTESIAN_POINT('',(-7.2,9.1,0.379999999999996));
#4947=CARTESIAN_POINT('',(-7.2,9.1,0.379999999999996));
#4948=CARTESIAN_POINT('',(-7.2,9.1,0.179999999999995));
#4949=CARTESIAN_POINT('',(-7.2,9.1,0.179999999999995));
#4950=CARTESIAN_POINT('',(-6.195,9.1,0.180000000000003));
#4951=CARTESIAN_POINT('',(-6.195,9.1,0.310000000000003));
#4952=CARTESIAN_POINT('',(-6.195,9.1,0.310000000000003));
#4953=CARTESIAN_POINT('',(0.,9.1,0.309999999999966));
#4954=CARTESIAN_POINT('',(-6.2,9.1,0.310000000000003));
#4955=CARTESIAN_POINT('',(-6.2,9.1,0.310000000000003));
#4956=CARTESIAN_POINT('',(-6.2,9.1,1.42999999999997));
#4957=CARTESIAN_POINT('',(0.,9.1,1.42999999999997));
#4958=CARTESIAN_POINT('',(-5.8,9.1,1.42999999999997));
#4959=CARTESIAN_POINT('',(-5.8,9.1,1.42999999999997));
#4960=CARTESIAN_POINT('',(-5.8,9.1,0.310000000000003));
#4961=CARTESIAN_POINT('',(0.,9.1,0.309999999999966));
#4962=CARTESIAN_POINT('',(-5.805,9.1,0.310000000000003));
#4963=CARTESIAN_POINT('',(-5.805,9.1,0.180000000000003));
#4964=CARTESIAN_POINT('',(-5.805,9.1,0.180000000000003));
#4965=CARTESIAN_POINT('',(-7.2,9.1,0.179999999999995));
#4966=CARTESIAN_POINT('',(-4.195,9.1,0.180000000000003));
#4967=CARTESIAN_POINT('',(-4.195,9.1,0.310000000000003));
#4968=CARTESIAN_POINT('',(-4.195,9.1,0.310000000000003));
#4969=CARTESIAN_POINT('',(0.,9.1,0.309999999999966));
#4970=CARTESIAN_POINT('',(-4.2,9.1,0.310000000000003));
#4971=CARTESIAN_POINT('',(-4.2,9.1,0.310000000000003));
#4972=CARTESIAN_POINT('',(-4.2,9.1,1.42999999999997));
#4973=CARTESIAN_POINT('',(0.,9.1,1.42999999999997));
#4974=CARTESIAN_POINT('',(-3.8,9.1,1.42999999999997));
#4975=CARTESIAN_POINT('',(-3.8,9.1,1.42999999999997));
#4976=CARTESIAN_POINT('',(-3.8,9.1,0.310000000000003));
#4977=CARTESIAN_POINT('',(0.,9.1,0.309999999999966));
#4978=CARTESIAN_POINT('',(-3.805,9.1,0.310000000000003));
#4979=CARTESIAN_POINT('',(-3.805,9.1,0.180000000000003));
#4980=CARTESIAN_POINT('',(-3.805,9.1,0.180000000000003));
#4981=CARTESIAN_POINT('',(-7.2,9.1,0.179999999999995));
#4982=CARTESIAN_POINT('',(-2.195,9.1,0.180000000000003));
#4983=CARTESIAN_POINT('',(-2.195,9.1,0.310000000000003));
#4984=CARTESIAN_POINT('',(-2.195,9.1,0.310000000000003));
#4985=CARTESIAN_POINT('',(0.,9.1,0.309999999999966));
#4986=CARTESIAN_POINT('',(-2.2,9.1,0.310000000000003));
#4987=CARTESIAN_POINT('',(-2.2,9.1,0.310000000000003));
#4988=CARTESIAN_POINT('',(-2.2,9.1,1.42999999999997));
#4989=CARTESIAN_POINT('',(0.,9.1,1.42999999999997));
#4990=CARTESIAN_POINT('',(-1.8,9.1,1.42999999999997));
#4991=CARTESIAN_POINT('',(-1.8,9.1,1.42999999999997));
#4992=CARTESIAN_POINT('',(-1.8,9.1,0.310000000000003));
#4993=CARTESIAN_POINT('',(0.,9.1,0.309999999999966));
#4994=CARTESIAN_POINT('',(-1.805,9.1,0.310000000000003));
#4995=CARTESIAN_POINT('',(-1.805,9.1,0.180000000000003));
#4996=CARTESIAN_POINT('',(-1.805,9.1,0.180000000000003));
#4997=CARTESIAN_POINT('',(-7.2,9.1,0.179999999999995));
#4998=CARTESIAN_POINT('',(-0.195000000000002,9.1,0.180000000000003));
#4999=CARTESIAN_POINT('',(-0.195000000000002,9.1,0.310000000000003));
#5000=CARTESIAN_POINT('',(-0.195000000000002,9.1,0.310000000000003));
#5001=CARTESIAN_POINT('',(0.,9.1,0.309999999999966));
#5002=CARTESIAN_POINT('',(-0.2,9.1,0.310000000000003));
#5003=CARTESIAN_POINT('',(-0.2,9.1,0.310000000000003));
#5004=CARTESIAN_POINT('',(-0.2,9.1,1.42999999999997));
#5005=CARTESIAN_POINT('',(0.,9.1,1.42999999999997));
#5006=CARTESIAN_POINT('',(0.2,9.1,1.42999999999997));
#5007=CARTESIAN_POINT('',(0.2,9.1,1.42999999999997));
#5008=CARTESIAN_POINT('',(0.2,9.1,0.310000000000003));
#5009=CARTESIAN_POINT('',(0.,9.1,0.309999999999966));
#5010=CARTESIAN_POINT('',(0.194999999999998,9.1,0.310000000000003));
#5011=CARTESIAN_POINT('',(0.194999999999998,9.1,0.180000000000003));
#5012=CARTESIAN_POINT('',(0.194999999999998,9.1,0.180000000000003));
#5013=CARTESIAN_POINT('',(-7.2,9.1,0.179999999999995));
#5014=CARTESIAN_POINT('',(1.19999999999999,9.1,0.180000000000001));
#5015=CARTESIAN_POINT('',(1.19999999999999,9.1,0.180000000000001));
#5016=CARTESIAN_POINT('',(1.19999999999999,9.1,0.380000000000002));
#5017=CARTESIAN_POINT('',(1.19999999999999,9.1,0.380000000000002));
#5018=CARTESIAN_POINT('',(2.315,9.1,0.380000000000002));
#5019=CARTESIAN_POINT('',(2.315,9.1,0.380000000000002));
#5020=CARTESIAN_POINT('',(2.315,9.1,0.27));
#5021=CARTESIAN_POINT('',(2.315,9.1,0.27));
#5022=CARTESIAN_POINT('',(2.32499999999999,9.1,0.27));
#5023=CARTESIAN_POINT('',(2.32499999999999,9.1,-7.25401453533465E-16));
#5024=CARTESIAN_POINT('',(2.32499999999999,9.1,2.1));
#5025=CARTESIAN_POINT('',(0.,9.1,2.1));
#5026=CARTESIAN_POINT('',(2.575,9.1,2.1));
#5027=CARTESIAN_POINT('',(2.57499999999999,9.1,-1.64224740832363E-15));
#5028=CARTESIAN_POINT('',(2.57499999999999,9.1,0.27));
#5029=CARTESIAN_POINT('',(2.315,9.1,0.27));
#5030=CARTESIAN_POINT('',(2.58499999999999,9.1,0.27));
#5031=CARTESIAN_POINT('',(2.58499999999999,9.1,0.380000000000002));
#5032=CARTESIAN_POINT('',(2.58499999999999,9.1,2.2));
#5033=CARTESIAN_POINT('',(2.58499999999999,9.1,2.2));
#5034=CARTESIAN_POINT('',(2.315,9.1,2.2));
#5035=CARTESIAN_POINT('',(2.315,9.1,1.91));
#5036=CARTESIAN_POINT('',(2.315,9.1,1.91));
#5037=CARTESIAN_POINT('',(1.425,9.1,1.91));
#5038=CARTESIAN_POINT('',(1.42500000000001,9.1,1.91));
#5039=CARTESIAN_POINT('',(1.42500000000001,9.1,2.2));
#5040=CARTESIAN_POINT('',(1.42500000000001,9.1,2.25));
#5041=CARTESIAN_POINT('',(1.425,9.1,2.25));
#5042=CARTESIAN_POINT('',(-7.425,9.1,2.25));
#5043=CARTESIAN_POINT('',(-7.425,9.1,2.25));
#5044=CARTESIAN_POINT('',(-7.42500000000001,9.1,1.91));
#5045=CARTESIAN_POINT('',(-8.315,9.1,1.91));
#5046=CARTESIAN_POINT('',(-8.315,9.1,1.91));
#5047=CARTESIAN_POINT('',(-8.315,9.1,2.2));
#5048=CARTESIAN_POINT('',(-8.315,9.1,2.2));
#5049=CARTESIAN_POINT('',(-7.425,9.1,2.2));
#5050=CARTESIAN_POINT('',(-8.585,9.1,2.2));
#5051=CARTESIAN_POINT('',(-8.585,9.1,2.2));
#5052=CARTESIAN_POINT('',(-8.58499999999999,9.1,0.270000000000001));
#5053=CARTESIAN_POINT('',(-8.58499999999999,9.1,0.270000000000001));
#5054=CARTESIAN_POINT('',(-8.57499999999999,9.1,0.27));
#5055=CARTESIAN_POINT('',(-8.57499999999999,9.1,-1.09376866224273E-14));
#5056=CARTESIAN_POINT('',(0.,9.1,0.));
#5057=CARTESIAN_POINT('',(-8.585,6.6,2.2));
#5058=CARTESIAN_POINT('',(-8.58499999999999,6.6,0.240000000000003));
#5059=CARTESIAN_POINT('',(-8.585,6.6,0.310839202168977));
#5060=CARTESIAN_POINT('',(-8.58499999999999,6.74999999999999,0.240000000000003));
#5061=CARTESIAN_POINT('',(-8.58499999999999,6.74999999999999,0.240000000000003));
#5062=CARTESIAN_POINT('',(-8.58499999999999,6.74999999999999,0.240000000000003));
#5063=CARTESIAN_POINT('',(-8.58499999999999,6.74999999999999,0.270000000000001));
#5064=CARTESIAN_POINT('',(-8.58499999999999,30.0150000000001,0.270000000000001));
#5065=CARTESIAN_POINT('',(-8.585,9.1,2.2));
#5066=CARTESIAN_POINT('',(-8.585,3.75,2.2));
#5067=CARTESIAN_POINT('',(-8.585,3.75,2.2));
#5068=CARTESIAN_POINT('',(-8.58499999999999,3.75,0.240000000000003));
#5069=CARTESIAN_POINT('',(-8.58499999999999,6.74999999999999,0.240000000000003));
#5070=CARTESIAN_POINT('',(-8.58499999999999,4.,0.240000000000003));
#5071=CARTESIAN_POINT('',(-8.585,4.,2.2));
#5072=CARTESIAN_POINT('',(-8.585,4.,0.310839202168977));
#5073=CARTESIAN_POINT('',(-8.585,6.6,0.310839202168977));
#5074=CARTESIAN_POINT('',(-8.585,9.1,2.2));
#5075=CARTESIAN_POINT('',(-8.315,7.45,2.2));
#5076=CARTESIAN_POINT('',(-8.315,7.45,2.2));
#5077=CARTESIAN_POINT('',(-7.42500000000001,7.45,2.2));
#5078=CARTESIAN_POINT('',(-7.42500000000001,7.45,2.2));
#5079=CARTESIAN_POINT('',(-7.425,9.1,2.2));
#5080=CARTESIAN_POINT('',(-7.425,3.75,2.2));
#5081=CARTESIAN_POINT('',(-7.425,3.75,2.2));
#5082=CARTESIAN_POINT('',(-7.425,8.526,2.2));
#5083=CARTESIAN_POINT('',(-8.57499999999999,8.526,2.2));
#5084=CARTESIAN_POINT('',(-8.32499999999999,8.526,2.2));
#5085=CARTESIAN_POINT('',(-8.57499999999999,9.1,2.2));
#5086=CARTESIAN_POINT('',(-8.57499999999998,7.69999999999999,2.2));
#5087=CARTESIAN_POINT('',(-7.425,7.69999999999999,2.2));
#5088=CARTESIAN_POINT('',(-8.32499999999999,7.69999999999999,2.2));
#5089=CARTESIAN_POINT('',(-8.32499999999999,9.1,2.2));
#5090=CARTESIAN_POINT('',(-7.425,9.1,2.2));
#5091=CARTESIAN_POINT('',(0.,6.6,0.240000000000003));
#5092=CARTESIAN_POINT('',(-8.6305010040201,6.6,0.240000000000003));
#5093=CARTESIAN_POINT('',(-8.6305010040201,6.6,0.240000000000003));
#5094=CARTESIAN_POINT('',(-8.6305010040201,4.,0.240000000000003));
#5095=CARTESIAN_POINT('',(0.,4.,0.240000000000003));
#5096=CARTESIAN_POINT('',(-8.58499999999999,3.75,0.240000000000003));
#5097=CARTESIAN_POINT('',(-8.975,3.75,0.240000000000003));
#5098=CARTESIAN_POINT('',(-8.975,3.75,0.240000000000003));
#5099=CARTESIAN_POINT('',(-8.975,6.75,0.240000000000003));
#5100=CARTESIAN_POINT('',(-8.975,6.74999999999999,0.240000000000003));
#5101=CARTESIAN_POINT('',(0.,0.,0.240000000000003));
#5102=CARTESIAN_POINT('',(2.57499999999999,6.6,0.27));
#5103=CARTESIAN_POINT('',(2.575,6.74999999999999,0.27));
#5104=CARTESIAN_POINT('',(2.315,6.74999999999999,0.27));
#5105=CARTESIAN_POINT('',(2.58499999999999,6.74999999999999,0.27));
#5106=CARTESIAN_POINT('',(2.58499999999999,30.0150000000001,0.27));
#5107=CARTESIAN_POINT('',(2.315,30.0150000000001,0.27));
#5108=CARTESIAN_POINT('',(-5.8,-14.6600000098998,0.310000000000003));
#5109=CARTESIAN_POINT('',(-5.8,6.69999999900002,0.310000000000003));
#5110=CARTESIAN_POINT('',(-5.75,6.69999999900002,0.309999999999966));
#5111=CARTESIAN_POINT('',(-5.805,6.69999999900002,0.310000000000003));
#5112=CARTESIAN_POINT('',(-5.805,6.6,0.310000000000003));
#5113=CARTESIAN_POINT('',(-5.75,6.69999999900002,0.309999999999966));
#5114=CARTESIAN_POINT('',(-6.2,-14.6600000098998,1.42999999999997));
#5115=CARTESIAN_POINT('',(-6.2,6.69999999900002,1.42999999999997));
#5116=CARTESIAN_POINT('',(-5.75,6.69999999900002,1.42999999999997));
#5117=CARTESIAN_POINT('',(-5.8,6.69999999900002,1.42999999999997));
#5118=CARTESIAN_POINT('',(-5.8,-14.6600000098998,1.42999999999997));
#5119=CARTESIAN_POINT('',(-5.75,11.259999999,1.42999999999997));
#5120=CARTESIAN_POINT('',(-8.975,10.809999999,-0.02));
#5121=CARTESIAN_POINT('',(-6.25,10.809999999,-0.0200000000000011));
#5122=CARTESIAN_POINT('',(-5.75,10.809999999,-0.0200000000000013));
#5123=CARTESIAN_POINT('',(-5.75,11.35,-0.0200000000000013));
#5124=CARTESIAN_POINT('',(-5.75,11.35,-0.0200000000000049));
#5125=CARTESIAN_POINT('',(-8.975,11.35,-0.02));
#5126=CARTESIAN_POINT('',(-4.25,11.35,-0.020000000000002));
#5127=CARTESIAN_POINT('',(-4.25,11.35,-0.020000000000002));
#5128=CARTESIAN_POINT('',(-4.25,10.809999999,-0.020000000000002));
#5129=CARTESIAN_POINT('',(-8.975,10.809999999,-0.02));
#5130=CARTESIAN_POINT('',(-3.75,10.809999999,-0.0200000000000021));
#5131=CARTESIAN_POINT('',(-3.75,11.35,-0.0200000000000022));
#5132=CARTESIAN_POINT('',(-3.75,11.35,-0.0200000000000049));
#5133=CARTESIAN_POINT('',(-8.975,11.35,-0.02));
#5134=CARTESIAN_POINT('',(-2.25,11.35,-0.0200000000000028));
#5135=CARTESIAN_POINT('',(-2.25,11.35,-0.0200000000000028));
#5136=CARTESIAN_POINT('',(-2.25,10.809999999,-0.0200000000000027));
#5137=CARTESIAN_POINT('',(-8.975,10.809999999,-0.02));
#5138=CARTESIAN_POINT('',(-1.75,10.809999999,-0.020000000000003));
#5139=CARTESIAN_POINT('',(-1.75,11.35,-0.020000000000003));
#5140=CARTESIAN_POINT('',(-1.75,11.35,-0.0200000000000049));
#5141=CARTESIAN_POINT('',(-8.975,11.35,-0.02));
#5142=CARTESIAN_POINT('',(-0.25,11.35,-0.0200000000000036));
#5143=CARTESIAN_POINT('',(-0.25,11.35,-0.0200000000000036));
#5144=CARTESIAN_POINT('',(-0.25,10.809999999,-0.0200000000000036));
#5145=CARTESIAN_POINT('',(-8.975,10.809999999,-0.02));
#5146=CARTESIAN_POINT('',(0.25,10.809999999,-0.0200000000000038));
#5147=CARTESIAN_POINT('',(0.25,11.35,-0.0200000000000038));
#5148=CARTESIAN_POINT('',(0.25,11.35,-0.0200000000000049));
#5149=CARTESIAN_POINT('',(-8.975,11.35,-0.02));
#5150=CARTESIAN_POINT('',(2.975,11.35,-0.0200000000000049));
#5151=CARTESIAN_POINT('',(2.975,11.35,-0.0200000000000049));
#5152=CARTESIAN_POINT('',(2.975,6.74999999999999,-0.0200000000000049));
#5153=CARTESIAN_POINT('',(2.315,6.74999999999999,-0.0200000000000049));
#5154=CARTESIAN_POINT('',(2.315,6.74999999999999,-0.0200000000000014));
#5155=CARTESIAN_POINT('',(2.315,3.75,-0.0200000000000014));
#5156=CARTESIAN_POINT('',(2.315,4.05,-0.0200000000000014));
#5157=CARTESIAN_POINT('',(1.20000000000001,4.05000000000002,-0.0200000000000049));
#5158=CARTESIAN_POINT('',(1.20000000000001,4.05000000000002,-0.0200000000000049));
#5159=CARTESIAN_POINT('',(1.20000000000001,6.25000000000002,-0.0200000000000049));
#5160=CARTESIAN_POINT('',(1.20000000000001,6.25000000000002,-0.0200000000000049));
#5161=CARTESIAN_POINT('',(-7.2,6.25,-0.0200000000000049));
#5162=CARTESIAN_POINT('',(-7.2,6.25,-0.0199999999999956));
#5163=CARTESIAN_POINT('',(-7.2,4.05,-0.0199999999999956));
#5164=CARTESIAN_POINT('',(-7.2,4.05,-0.0199999999999958));
#5165=CARTESIAN_POINT('',(-8.585,4.05,-0.0199999999999954));
#5166=CARTESIAN_POINT('',(-8.315,4.05,-0.0199999999999954));
#5167=CARTESIAN_POINT('',(-8.315,6.75,-0.0200000000000049));
#5168=CARTESIAN_POINT('',(-8.315,6.75,-0.0200000000000049));
#5169=CARTESIAN_POINT('',(-8.975,6.75,-0.0200000000000049));
#5170=CARTESIAN_POINT('',(-8.975,6.75,-0.0200000000000049));
#5171=CARTESIAN_POINT('',(-8.975,11.35,-0.0200000000000001));
#5172=CARTESIAN_POINT('',(-8.975,11.35,-0.0200000000000001));
#5173=CARTESIAN_POINT('',(-8.975,11.35,-0.02));
#5174=CARTESIAN_POINT('',(-6.25,11.35,-0.0200000000000011));
#5175=CARTESIAN_POINT('',(-6.25,11.35,-0.0200000000000011));
#5176=CARTESIAN_POINT('',(-8.975,11.35,-0.02));
#5177=CARTESIAN_POINT('',(-5.75,11.35,0.));
#5178=CARTESIAN_POINT('',(-5.75,11.35,0.540166712955309));
#5179=CARTESIAN_POINT('',(-5.75,11.35,0.540166712955309));
#5180=CARTESIAN_POINT('',(-6.25,11.35,0.540166712955309));
#5181=CARTESIAN_POINT('',(-6.25,11.35,0.));
#5182=CARTESIAN_POINT('',(-8.975,11.35,2.54));
#5183=CARTESIAN_POINT('',(-8.975,11.35,2.54));
#5184=CARTESIAN_POINT('',(2.975,11.35,2.54));
#5185=CARTESIAN_POINT('',(2.975,11.35,2.54));
#5186=CARTESIAN_POINT('',(2.975,11.35,-0.0200000000000049));
#5187=CARTESIAN_POINT('',(0.25,11.35,0.));
#5188=CARTESIAN_POINT('',(0.25,11.35,0.540166712955309));
#5189=CARTESIAN_POINT('',(0.25,11.35,0.540166712955309));
#5190=CARTESIAN_POINT('',(-0.25,11.35,0.540166712955309));
#5191=CARTESIAN_POINT('',(-0.25,11.35,0.));
#5192=CARTESIAN_POINT('',(-1.75,11.35,0.));
#5193=CARTESIAN_POINT('',(-1.75,11.35,0.540166712955309));
#5194=CARTESIAN_POINT('',(-1.75,11.35,0.540166712955309));
#5195=CARTESIAN_POINT('',(-2.25,11.35,0.540166712955309));
#5196=CARTESIAN_POINT('',(-2.25,11.35,0.));
#5197=CARTESIAN_POINT('',(-3.75,11.35,0.));
#5198=CARTESIAN_POINT('',(-3.75,11.35,0.540166712955309));
#5199=CARTESIAN_POINT('',(-3.75,11.35,0.540166712955309));
#5200=CARTESIAN_POINT('',(-4.25,11.35,0.540166712955309));
#5201=CARTESIAN_POINT('',(-4.25,11.35,0.));
#5202=CARTESIAN_POINT('',(0.,11.35,0.));
#5203=CARTESIAN_POINT('',(-5.805,6.6,0.180000000000003));
#5204=CARTESIAN_POINT('',(-5.805,6.6,0.180000000000003));
#5205=CARTESIAN_POINT('',(-6.195,6.6,0.180000000000003));
#5206=CARTESIAN_POINT('',(-6.195,6.6,0.179999999999996));
#5207=CARTESIAN_POINT('',(-6.195,6.6,0.180000000000003));
#5208=CARTESIAN_POINT('',(-7.2,9.1,0.179999999999995));
#5209=CARTESIAN_POINT('',(-7.2,6.25,0.179999999999998));
#5210=CARTESIAN_POINT('',(-7.2,6.25,0.179999999999995));
#5211=CARTESIAN_POINT('',(1.19999999999999,6.25000000000001,0.180000000000001));
#5212=CARTESIAN_POINT('',(1.19999999999999,9.1,0.180000000000001));
#5213=CARTESIAN_POINT('',(0.194999999999998,6.6,0.180000000000003));
#5214=CARTESIAN_POINT('',(0.194999999999998,6.6,0.180000000000003));
#5215=CARTESIAN_POINT('',(-0.195000000000002,6.6,0.180000000000003));
#5216=CARTESIAN_POINT('',(-0.195000000000002,6.6,0.18));
#5217=CARTESIAN_POINT('',(-0.195000000000002,6.6,0.180000000000003));
#5218=CARTESIAN_POINT('',(-1.805,6.6,0.180000000000003));
#5219=CARTESIAN_POINT('',(-1.805,6.6,0.180000000000003));
#5220=CARTESIAN_POINT('',(-2.195,6.6,0.180000000000003));
#5221=CARTESIAN_POINT('',(-2.195,6.6,0.179999999999998));
#5222=CARTESIAN_POINT('',(-2.195,6.6,0.180000000000003));
#5223=CARTESIAN_POINT('',(-3.805,6.6,0.180000000000003));
#5224=CARTESIAN_POINT('',(-3.805,6.6,0.180000000000003));
#5225=CARTESIAN_POINT('',(-4.195,6.6,0.180000000000003));
#5226=CARTESIAN_POINT('',(-4.195,6.6,0.179999999999997));
#5227=CARTESIAN_POINT('',(-4.195,6.6,0.180000000000003));
#5228=CARTESIAN_POINT('',(-7.2,9.1,0.179999999999995));
#5229=CARTESIAN_POINT('',(-3.8,-14.6600000098998,0.310000000000003));
#5230=CARTESIAN_POINT('',(-3.8,6.69999999900002,0.310000000000003));
#5231=CARTESIAN_POINT('',(-3.75,6.69999999900002,0.309999999999966));
#5232=CARTESIAN_POINT('',(-3.805,6.69999999900002,0.310000000000003));
#5233=CARTESIAN_POINT('',(-3.805,6.6,0.310000000000003));
#5234=CARTESIAN_POINT('',(-3.75,6.69999999900002,0.309999999999966));
#5235=CARTESIAN_POINT('',(-4.2,-14.6600000098998,1.42999999999997));
#5236=CARTESIAN_POINT('',(-4.2,6.69999999900002,1.42999999999997));
#5237=CARTESIAN_POINT('',(-3.75,6.69999999900002,1.42999999999997));
#5238=CARTESIAN_POINT('',(-3.8,6.69999999900002,1.42999999999997));
#5239=CARTESIAN_POINT('',(-3.8,-14.6600000098998,1.42999999999997));
#5240=CARTESIAN_POINT('',(-3.75,11.259999999,1.42999999999997));
#5241=CARTESIAN_POINT('',(-1.8,-14.6600000098998,0.310000000000003));
#5242=CARTESIAN_POINT('',(-1.8,6.69999999900002,0.310000000000003));
#5243=CARTESIAN_POINT('',(-1.75,6.69999999900002,0.309999999999966));
#5244=CARTESIAN_POINT('',(-1.805,6.69999999900002,0.310000000000003));
#5245=CARTESIAN_POINT('',(-1.805,6.6,0.310000000000003));
#5246=CARTESIAN_POINT('',(-1.75,6.69999999900002,0.309999999999966));
#5247=CARTESIAN_POINT('',(-2.2,-14.6600000098998,1.42999999999997));
#5248=CARTESIAN_POINT('',(-2.2,6.69999999900002,1.42999999999997));
#5249=CARTESIAN_POINT('',(-1.75,6.69999999900002,1.42999999999997));
#5250=CARTESIAN_POINT('',(-1.8,6.69999999900002,1.42999999999997));
#5251=CARTESIAN_POINT('',(-1.8,-14.6600000098998,1.42999999999997));
#5252=CARTESIAN_POINT('',(-1.75,11.259999999,1.42999999999997));
#5253=CARTESIAN_POINT('',(0.2,-14.6600000098998,0.310000000000003));
#5254=CARTESIAN_POINT('',(0.2,6.69999999900002,0.310000000000003));
#5255=CARTESIAN_POINT('',(0.25,6.69999999900002,0.309999999999966));
#5256=CARTESIAN_POINT('',(0.194999999999998,6.69999999900002,0.310000000000003));
#5257=CARTESIAN_POINT('',(0.194999999999998,6.6,0.310000000000003));
#5258=CARTESIAN_POINT('',(0.25,6.69999999900002,0.309999999999966));
#5259=CARTESIAN_POINT('',(-0.2,-14.6600000098998,1.42999999999997));
#5260=CARTESIAN_POINT('',(-0.2,6.69999999900002,1.42999999999997));
#5261=CARTESIAN_POINT('',(0.25,6.69999999900002,1.42999999999997));
#5262=CARTESIAN_POINT('',(0.2,6.69999999900002,1.42999999999997));
#5263=CARTESIAN_POINT('',(0.2,-14.6600000098998,1.42999999999997));
#5264=CARTESIAN_POINT('',(0.25,11.259999999,1.42999999999997));
#5265=CARTESIAN_POINT('',(2.315,3.75,0.380000000000002));
#5266=CARTESIAN_POINT('',(2.315,4.05,0.380000000000002));
#5267=CARTESIAN_POINT('',(1.19999999999999,9.1,0.380000000000002));
#5268=CARTESIAN_POINT('',(1.20000000000001,4.05000000000002,0.380000000000002));
#5269=CARTESIAN_POINT('',(1.20000000000001,4.05000000000002,0.380000000000002));
#5270=CARTESIAN_POINT('',(1.19999999999999,9.1,0.380000000000002));
#5271=CARTESIAN_POINT('',(2.315,6.74999999999999,0.27));
#5272=CARTESIAN_POINT('',(2.315,6.74999999999999,0.27));
#5273=CARTESIAN_POINT('',(2.32499999999999,6.74999999999999,0.27));
#5274=CARTESIAN_POINT('',(2.315,6.74999999999999,3.94000000000003));
#5275=CARTESIAN_POINT('',(2.975,6.74999999999999,3.94000000000003));
#5276=CARTESIAN_POINT('',(2.975,6.74999999999999,0.240000000000001));
#5277=CARTESIAN_POINT('',(2.58499999999999,6.74999999999999,0.240000000000002));
#5278=CARTESIAN_POINT('',(2.58499999999999,6.74999999999999,0.240000000000002));
#5279=CARTESIAN_POINT('',(2.58499999999999,6.74999999999999,0.240000000000002));
#5280=CARTESIAN_POINT('',(2.315,6.74999999999999,0.27));
#5281=CARTESIAN_POINT('',(2.315,6.74999999999999,3.94000000000003));
#5282=CARTESIAN_POINT('',(-8.58499999999999,6.74999999999999,0.270000000000001));
#5283=CARTESIAN_POINT('',(-8.57499999999999,6.75,0.27));
#5284=CARTESIAN_POINT('',(-8.975,6.75,3.94000000000003));
#5285=CARTESIAN_POINT('',(-8.315,6.75,3.94000000000003));
#5286=CARTESIAN_POINT('',(-8.58499999999999,6.74999999999999,0.270000000000001));
#5287=CARTESIAN_POINT('',(-8.975,6.75,3.94000000000003));
#5288=CARTESIAN_POINT('',(-8.315,6.75,0.380000000000006));
#5289=CARTESIAN_POINT('',(-8.315,4.05,0.380000000000006));
#5290=CARTESIAN_POINT('',(-8.585,4.05,0.380000000000006));
#5291=CARTESIAN_POINT('',(-7.2,4.05,0.380000000000006));
#5292=CARTESIAN_POINT('',(-7.2,9.1,0.379999999999996));
#5293=CARTESIAN_POINT('',(-8.585,9.1,0.379999999999996));
#5294=CARTESIAN_POINT('',(-8.975,3.75,2.54));
#5295=CARTESIAN_POINT('',(-8.975,3.75,2.54));
#5296=CARTESIAN_POINT('',(-8.975,11.35,2.54));
#5297=CARTESIAN_POINT('',(-8.975,11.35,2.54));
#5298=CARTESIAN_POINT('',(2.975,3.75,-0.0200000000000049));
#5299=CARTESIAN_POINT('',(2.975,3.75,0.240000000000001));
#5300=CARTESIAN_POINT('',(2.975,3.75,2.54));
#5301=CARTESIAN_POINT('',(2.975,6.74999999999999,0.240000000000001));
#5302=CARTESIAN_POINT('',(2.975,11.35,2.54));
#5303=CARTESIAN_POINT('',(2.975,11.35,-0.0200000000000049));
#5304=CARTESIAN_POINT('',(2.58499999999999,3.75,0.380000000000002));
#5305=CARTESIAN_POINT('',(2.58499999999999,3.75,0.240000000000002));
#5306=CARTESIAN_POINT('',(2.58499999999999,3.75,2.2));
#5307=CARTESIAN_POINT('',(2.975,3.75,0.240000000000001));
#5308=CARTESIAN_POINT('',(2.975,3.75,2.54));
#5309=CARTESIAN_POINT('',(1.42499999999999,3.74999999999999,2.54));
#5310=CARTESIAN_POINT('',(1.42500000000001,3.75,2.2));
#5311=CARTESIAN_POINT('',(1.42500000000001,3.75,2.2));
#5312=CARTESIAN_POINT('',(2.58499999999999,3.75,2.2));
#5313=CARTESIAN_POINT('',(0.,3.75,0.));
#5314=CARTESIAN_POINT('',(-7.425,3.75,2.25));
#5315=CARTESIAN_POINT('',(-7.425,3.75,2.54));
#5316=CARTESIAN_POINT('',(2.975,3.75,2.54));
#5317=CARTESIAN_POINT('',(0.,3.75,0.));
#5318=CARTESIAN_POINT('',(2.58499999999999,3.75,0.240000000000002));
#5319=CARTESIAN_POINT('',(2.58499999999999,6.6,0.240000000000002));
#5320=CARTESIAN_POINT('',(2.58499999999999,6.6,0.380000000000002));
#5321=CARTESIAN_POINT('',(2.58499999999999,6.6,0.310839202169009));
#5322=CARTESIAN_POINT('',(2.58499999999999,6.6,0.310839202169009));
#5323=CARTESIAN_POINT('',(2.58499999999999,4.,0.310839202169009));
#5324=CARTESIAN_POINT('',(2.58499999999999,4.,0.380000000000002));
#5325=CARTESIAN_POINT('',(2.58499999999999,4.,0.240000000000002));
#5326=CARTESIAN_POINT('',(2.58499999999999,3.75,0.240000000000002));
#5327=CARTESIAN_POINT('',(2.58499999999999,9.1,2.2));
#5328=CARTESIAN_POINT('',(2.58499999999999,9.1,0.380000000000002));
#5329=CARTESIAN_POINT('',(1.20000000000001,6.25000000000002,3.93999999999997));
#5330=CARTESIAN_POINT('',(1.20000000000001,4.05000000000002,3.93999999999997));
#5331=CARTESIAN_POINT('',(1.19999999999999,9.1,0.180000000000001));
#5332=CARTESIAN_POINT('',(-6.925,8.05,2.25));
#5333=CARTESIAN_POINT('',(-7.425,8.05,2.24999999999999));
#5334=CARTESIAN_POINT('',(-6.925,8.05,2.25));
#5335=CARTESIAN_POINT('',(-7.425,9.1,2.25));
#5336=CARTESIAN_POINT('',(1.42500000000001,9.1,2.25));
#5337=CARTESIAN_POINT('',(1.425,8.04999999999999,2.25));
#5338=CARTESIAN_POINT('',(1.425,8.04999999999999,2.25));
#5339=CARTESIAN_POINT('',(0.925000000000003,8.04999999999999,2.25));
#5340=CARTESIAN_POINT('',(0.925000000000003,8.04999999999999,2.25));
#5341=CARTESIAN_POINT('',(0.924999999999997,5.74999999999999,2.25));
#5342=CARTESIAN_POINT('',(0.924999999999996,5.74999999999999,2.25));
#5343=CARTESIAN_POINT('',(-6.925,5.75,2.24999999999999));
#5344=CARTESIAN_POINT('',(-6.925,5.75,2.25));
#5345=CARTESIAN_POINT('',(1.425,9.1,2.25));
#5346=CARTESIAN_POINT('',(-6.25,6.95,2.54));
#5347=CARTESIAN_POINT('',(-6.25,6.95,2.54));
#5348=CARTESIAN_POINT('',(-6.,6.45,2.54));
#5349=CARTESIAN_POINT('',(-5.75,6.95,2.54));
#5350=CARTESIAN_POINT('',(-5.75,6.95,2.54));
#5351=CARTESIAN_POINT('',(-6.,6.45,2.54));
#5352=CARTESIAN_POINT('',(-7.425,8.05,2.54));
#5353=CARTESIAN_POINT('',(-7.425,8.05,2.54));
#5354=CARTESIAN_POINT('',(-6.925,8.05,2.54));
#5355=CARTESIAN_POINT('',(-6.925,8.05,2.54));
#5356=CARTESIAN_POINT('',(-6.925,5.75,2.54));
#5357=CARTESIAN_POINT('',(-6.925,5.75,2.54));
#5358=CARTESIAN_POINT('',(0.924999999999997,5.74999999999999,2.54));
#5359=CARTESIAN_POINT('',(0.924999999999997,5.74999999999999,2.54));
#5360=CARTESIAN_POINT('',(0.925000000000003,8.04999999999999,2.54));
#5361=CARTESIAN_POINT('',(0.925000000000003,8.04999999999999,2.54));
#5362=CARTESIAN_POINT('',(1.425,8.04999999999999,2.54));
#5363=CARTESIAN_POINT('',(1.425,8.04999999999999,2.54));
#5364=CARTESIAN_POINT('',(1.42499999999999,3.74999999999999,2.54));
#5365=CARTESIAN_POINT('',(2.975,11.35,2.54));
#5366=CARTESIAN_POINT('',(-7.2,4.05,3.93999999999998));
#5367=CARTESIAN_POINT('',(-7.2,6.25,3.93999999999998));
#5368=CARTESIAN_POINT('',(-7.2,9.1,0.379999999999996));
#5369=CARTESIAN_POINT('',(2.57499999999999,9.1,2.2));
#5370=CARTESIAN_POINT('',(2.575,7.69999999999999,2.2));
#5371=CARTESIAN_POINT('',(2.575,8.52599999999999,2.2));
#5372=CARTESIAN_POINT('',(2.58499999999999,8.52599999999999,2.2));
#5373=CARTESIAN_POINT('',(2.32499999999999,8.52599999999999,2.2));
#5374=CARTESIAN_POINT('',(2.32499999999999,9.1,2.2));
#5375=CARTESIAN_POINT('',(2.32499999999999,7.69999999999999,2.2));
#5376=CARTESIAN_POINT('',(2.58499999999999,7.69999999999999,2.2));
#5377=CARTESIAN_POINT('',(1.42500000000001,9.1,2.2));
#5378=CARTESIAN_POINT('',(1.42500000000001,7.44999999999999,2.2));
#5379=CARTESIAN_POINT('',(2.315,7.45,2.2));
#5380=CARTESIAN_POINT('',(2.315,7.45,2.2));
#5381=CARTESIAN_POINT('',(2.315,7.45,2.2));
#5382=CARTESIAN_POINT('',(2.58499999999999,9.1,2.2));
#5383=CARTESIAN_POINT('',(1.425,8.04999999999999,-0.331000000000009));
#5384=CARTESIAN_POINT('',(1.42500000000001,7.44999999999999,1.91));
#5385=CARTESIAN_POINT('',(1.42500000000001,7.44999999999999,1.91));
#5386=CARTESIAN_POINT('',(1.42500000000001,7.44999999999999,2.2));
#5387=CARTESIAN_POINT('',(1.42500000000001,9.1,2.2));
#5388=CARTESIAN_POINT('',(-7.42500000000001,7.45,1.91));
#5389=CARTESIAN_POINT('',(-7.42500000000001,7.45,1.91));
#5390=CARTESIAN_POINT('',(-7.42500000000001,7.45,1.91));
#5391=CARTESIAN_POINT('',(-7.425,8.05,-0.331000000000008));
#5392=CARTESIAN_POINT('',(-7.425,9.1,2.25));
#5393=CARTESIAN_POINT('',(0.925000000000003,8.04999999999999,-0.331000000000009));
#5394=CARTESIAN_POINT('',(1.425,8.04999999999999,-0.331000000000009));
#5395=CARTESIAN_POINT('',(0.924999999999997,5.74999999999999,-0.331000000000009));
#5396=CARTESIAN_POINT('',(0.925000000000003,8.04999999999999,-0.331000000000009));
#5397=CARTESIAN_POINT('',(-6.925,5.75,-0.331000000000008));
#5398=CARTESIAN_POINT('',(0.924999999999997,5.74999999999999,-0.331000000000008));
#5399=CARTESIAN_POINT('',(-6.925,8.05,-0.331000000000008));
#5400=CARTESIAN_POINT('',(-6.925,5.75,-0.331000000000008));
#5401=CARTESIAN_POINT('',(-6.925,8.05,-0.331000000000008));
#5402=CARTESIAN_POINT('',(-7.2,6.25,3.93999999999997));
#5403=CARTESIAN_POINT('',(-8.315,4.05,3.93999999999998));
#5404=CARTESIAN_POINT('',(-8.585,4.05,3.93999999999998));
#5405=CARTESIAN_POINT('',(2.315,4.05,3.93999999999997));
#5406=CARTESIAN_POINT('',(1.20000000000001,4.05000000000002,3.93999999999997));
#5407=CARTESIAN_POINT('',(-8.315,7.45,1.91));
#5408=CARTESIAN_POINT('',(-8.315,7.45,1.91));
#5409=CARTESIAN_POINT('',(-8.315,7.45,2.2));
#5410=CARTESIAN_POINT('',(-8.315,7.45,2.2));
#5411=CARTESIAN_POINT('',(-8.315,7.45,1.91));
#5412=CARTESIAN_POINT('',(-8.315,7.45,1.91));
#5413=CARTESIAN_POINT('',(0.,7.45,0.));
#5414=CARTESIAN_POINT('',(2.315,7.45,1.91));
#5415=CARTESIAN_POINT('',(2.315,7.45,1.91));
#5416=CARTESIAN_POINT('',(1.425,7.45,1.91));
#5417=CARTESIAN_POINT('',(1.425,7.45,1.91));
#5418=CARTESIAN_POINT('',(2.315,7.45,1.91));
#5419=CARTESIAN_POINT('',(2.315,7.45,1.91));
#5420=CARTESIAN_POINT('',(0.,7.45,0.));
#5421=CARTESIAN_POINT('',(2.315,30.0150000000001,0.27));
#5422=CARTESIAN_POINT('',(2.315,3.75,3.94000000000003));
#5423=CARTESIAN_POINT('',(-8.315,6.75,3.94000000000003));
#5424=CARTESIAN_POINT('',(1.5846031751711E-16,6.6,0.240000000000003));
#5425=CARTESIAN_POINT('',(2.6305010040201,6.6,0.240000000000002));
#5426=CARTESIAN_POINT('',(1.5846031751711E-16,4.,0.240000000000003));
#5427=CARTESIAN_POINT('',(2.6305010040201,4.,0.240000000000002));
#5428=CARTESIAN_POINT('',(2.6305010040201,6.6,0.240000000000002));
#5429=CARTESIAN_POINT('',(1.5846031751711E-16,0.,0.240000000000003));
#5430=CARTESIAN_POINT('',(-8.57499999999999,6.6,0.27));
#5431=CARTESIAN_POINT('',(-8.58499999999999,30.0150000000001,0.270000000000001));
#5432=CARTESIAN_POINT('',(2.32499999999999,6.6,0.27));
#5433=CARTESIAN_POINT('',(2.315,30.0150000000001,0.27));
#5434=CARTESIAN_POINT('',(-0.195000000000002,6.6,0.310000000000003));
#5435=CARTESIAN_POINT('',(-0.195000000000002,6.6,0.310000000000003));
#5436=CARTESIAN_POINT('',(-0.195000000000002,6.6,0.310000000000003));
#5437=CARTESIAN_POINT('',(-0.195000000000002,6.69999999900002,0.310000000000003));
#5438=CARTESIAN_POINT('',(-0.195000000000002,6.6,0.310000000000003));
#5439=CARTESIAN_POINT('',(-0.195000000000002,6.6,0.310000000000003));
#5440=CARTESIAN_POINT('',(0.194999999999998,6.6,0.310000000000003));
#5441=CARTESIAN_POINT('',(0.194999999999998,6.6,0.310000000000003));
#5442=CARTESIAN_POINT('',(0.194999999999998,6.6,0.180000000000003));
#5443=CARTESIAN_POINT('',(0.194999999999998,6.6,0.180000000000003));
#5444=CARTESIAN_POINT('',(0.25,6.69999999900002,0.309999999999966));
#5445=CARTESIAN_POINT('',(0.194999999999998,6.6,0.310000000000003));
#5446=CARTESIAN_POINT('',(0.194999999999998,6.6,0.310000000000003));
#5447=CARTESIAN_POINT('',(0.,6.6,0.));
#5448=CARTESIAN_POINT('',(-0.25,10.749999999,0.0399999999999657));
#5449=CARTESIAN_POINT('',(-0.25,10.849999999,-0.0600000000000343));
#5450=CARTESIAN_POINT('',(-0.25,11.359999999,0.83999999999996));
#5451=CARTESIAN_POINT('',(-0.25,11.359999999,0.539999999999965));
#5452=CARTESIAN_POINT('',(-0.25,11.699999999,0.539999999999966));
#5453=CARTESIAN_POINT('',(-0.25,11.699999999,0.539999999999966));
#5454=CARTESIAN_POINT('',(-0.25,11.699999999,0.0399999999999658));
#5455=CARTESIAN_POINT('',(-0.25,11.699999999,0.0399999999999657));
#5456=CARTESIAN_POINT('',(-0.25,11.599999999,-0.0600000000000342));
#5457=CARTESIAN_POINT('',(-0.25,11.599999999,-0.0600000000000342));
#5458=CARTESIAN_POINT('',(-0.25,10.849999999,-0.0600000000000343));
#5459=CARTESIAN_POINT('',(-0.25,11.359999999,0.83999999999996));
#5460=CARTESIAN_POINT('',(0.25,10.749999999,0.0399999999999657));
#5461=CARTESIAN_POINT('',(0.25,10.849999999,-0.0600000000000343));
#5462=CARTESIAN_POINT('',(0.25,10.849999999,-0.0600000000000343));
#5463=CARTESIAN_POINT('',(0.25,11.599999999,-0.0600000000000342));
#5464=CARTESIAN_POINT('',(0.25,11.599999999,-0.0600000000000342));
#5465=CARTESIAN_POINT('',(0.25,11.699999999,0.0399999999999657));
#5466=CARTESIAN_POINT('',(0.25,11.699999999,0.0399999999999658));
#5467=CARTESIAN_POINT('',(0.25,11.699999999,0.539999999999966));
#5468=CARTESIAN_POINT('',(0.25,11.699999999,0.539999999999966));
#5469=CARTESIAN_POINT('',(0.25,11.359999999,0.539999999999965));
#5470=CARTESIAN_POINT('',(0.25,11.359999999,0.83999999999996));
#5471=CARTESIAN_POINT('',(0.25,11.359999999,0.83999999999996));
#5472=CARTESIAN_POINT('',(0.25,11.359999999,0.539999999999965));
#5473=CARTESIAN_POINT('',(0.25,11.699999999,0.539999999999966));
#5474=CARTESIAN_POINT('',(0.25,11.699999999,0.539999999999966));
#5475=CARTESIAN_POINT('',(0.25,11.699999999,0.0399999999999657));
#5476=CARTESIAN_POINT('',(0.25,11.699999999,0.0399999999999658));
#5477=CARTESIAN_POINT('',(0.25,11.599999999,-0.0600000000000342));
#5478=CARTESIAN_POINT('',(0.25,11.599999999,-0.0600000000000342));
#5479=CARTESIAN_POINT('',(0.25,10.849999999,-0.0600000000000343));
#5480=CARTESIAN_POINT('',(0.25,10.849999999,-0.0600000000000343));
#5481=CARTESIAN_POINT('',(0.25,10.749999999,0.0399999999999657));
#5482=CARTESIAN_POINT('',(0.25,11.359999999,0.83999999999996));
#5483=CARTESIAN_POINT('',(-0.2,6.69999999900002,0.310000000000003));
#5484=CARTESIAN_POINT('',(-0.2,6.69999999900002,0.310000000000003));
#5485=CARTESIAN_POINT('',(0.25,6.69999999900002,0.309999999999966));
#5486=CARTESIAN_POINT('',(0.2,6.69999999900002,1.42999999999997));
#5487=CARTESIAN_POINT('',(0.25,6.69999999900002,1.42999999999997));
#5488=CARTESIAN_POINT('',(-0.2,-14.6600000098998,0.310000000000003));
#5489=CARTESIAN_POINT('',(0.25,6.69999999900002,0.309999999999966));
#5490=CARTESIAN_POINT('',(0.2,-14.6600000098998,1.42999999999997));
#5491=CARTESIAN_POINT('',(-0.2,-14.6600000098998,0.310000000000003));
#5492=CARTESIAN_POINT('',(-2.195,6.6,0.310000000000003));
#5493=CARTESIAN_POINT('',(-2.195,6.6,0.310000000000003));
#5494=CARTESIAN_POINT('',(-2.195,6.6,0.310000000000003));
#5495=CARTESIAN_POINT('',(-2.195,6.69999999900002,0.310000000000003));
#5496=CARTESIAN_POINT('',(-2.195,6.6,0.310000000000003));
#5497=CARTESIAN_POINT('',(-2.195,6.6,0.310000000000003));
#5498=CARTESIAN_POINT('',(-1.805,6.6,0.310000000000003));
#5499=CARTESIAN_POINT('',(-1.805,6.6,0.310000000000003));
#5500=CARTESIAN_POINT('',(-1.805,6.6,0.180000000000003));
#5501=CARTESIAN_POINT('',(-1.805,6.6,0.180000000000003));
#5502=CARTESIAN_POINT('',(-1.75,6.69999999900002,0.309999999999966));
#5503=CARTESIAN_POINT('',(-1.805,6.6,0.310000000000003));
#5504=CARTESIAN_POINT('',(-1.805,6.6,0.310000000000003));
#5505=CARTESIAN_POINT('',(0.,6.6,0.));
#5506=CARTESIAN_POINT('',(-2.25,10.749999999,0.0399999999999657));
#5507=CARTESIAN_POINT('',(-2.25,10.849999999,-0.0600000000000343));
#5508=CARTESIAN_POINT('',(-2.25,11.359999999,0.83999999999996));
#5509=CARTESIAN_POINT('',(-2.25,11.359999999,0.539999999999965));
#5510=CARTESIAN_POINT('',(-2.25,11.699999999,0.539999999999966));
#5511=CARTESIAN_POINT('',(-2.25,11.699999999,0.539999999999966));
#5512=CARTESIAN_POINT('',(-2.25,11.699999999,0.0399999999999658));
#5513=CARTESIAN_POINT('',(-2.25,11.699999999,0.0399999999999657));
#5514=CARTESIAN_POINT('',(-2.25,11.599999999,-0.0600000000000342));
#5515=CARTESIAN_POINT('',(-2.25,11.599999999,-0.0600000000000342));
#5516=CARTESIAN_POINT('',(-2.25,10.849999999,-0.0600000000000343));
#5517=CARTESIAN_POINT('',(-2.25,11.359999999,0.83999999999996));
#5518=CARTESIAN_POINT('',(-1.75,10.749999999,0.0399999999999657));
#5519=CARTESIAN_POINT('',(-1.75,10.849999999,-0.0600000000000343));
#5520=CARTESIAN_POINT('',(-1.75,10.849999999,-0.0600000000000343));
#5521=CARTESIAN_POINT('',(-1.75,11.599999999,-0.0600000000000342));
#5522=CARTESIAN_POINT('',(-1.75,11.599999999,-0.0600000000000342));
#5523=CARTESIAN_POINT('',(-1.75,11.699999999,0.0399999999999657));
#5524=CARTESIAN_POINT('',(-1.75,11.699999999,0.0399999999999658));
#5525=CARTESIAN_POINT('',(-1.75,11.699999999,0.539999999999966));
#5526=CARTESIAN_POINT('',(-1.75,11.699999999,0.539999999999966));
#5527=CARTESIAN_POINT('',(-1.75,11.359999999,0.539999999999965));
#5528=CARTESIAN_POINT('',(-1.75,11.359999999,0.83999999999996));
#5529=CARTESIAN_POINT('',(-1.75,11.359999999,0.83999999999996));
#5530=CARTESIAN_POINT('',(-1.75,11.359999999,0.539999999999965));
#5531=CARTESIAN_POINT('',(-1.75,11.699999999,0.539999999999966));
#5532=CARTESIAN_POINT('',(-1.75,11.699999999,0.539999999999966));
#5533=CARTESIAN_POINT('',(-1.75,11.699999999,0.0399999999999657));
#5534=CARTESIAN_POINT('',(-1.75,11.699999999,0.0399999999999658));
#5535=CARTESIAN_POINT('',(-1.75,11.599999999,-0.0600000000000342));
#5536=CARTESIAN_POINT('',(-1.75,11.599999999,-0.0600000000000342));
#5537=CARTESIAN_POINT('',(-1.75,10.849999999,-0.0600000000000343));
#5538=CARTESIAN_POINT('',(-1.75,10.849999999,-0.0600000000000343));
#5539=CARTESIAN_POINT('',(-1.75,10.749999999,0.0399999999999657));
#5540=CARTESIAN_POINT('',(-1.75,11.359999999,0.83999999999996));
#5541=CARTESIAN_POINT('',(-2.2,6.69999999900002,0.310000000000003));
#5542=CARTESIAN_POINT('',(-2.2,6.69999999900002,0.310000000000003));
#5543=CARTESIAN_POINT('',(-1.75,6.69999999900002,0.309999999999966));
#5544=CARTESIAN_POINT('',(-1.8,6.69999999900002,1.42999999999997));
#5545=CARTESIAN_POINT('',(-1.75,6.69999999900002,1.42999999999997));
#5546=CARTESIAN_POINT('',(-2.2,-14.6600000098998,0.310000000000003));
#5547=CARTESIAN_POINT('',(-1.75,6.69999999900002,0.309999999999966));
#5548=CARTESIAN_POINT('',(-1.8,-14.6600000098998,1.42999999999997));
#5549=CARTESIAN_POINT('',(-2.2,-14.6600000098998,0.310000000000003));
#5550=CARTESIAN_POINT('',(-4.195,6.6,0.310000000000003));
#5551=CARTESIAN_POINT('',(-4.195,6.6,0.310000000000003));
#5552=CARTESIAN_POINT('',(-4.195,6.6,0.310000000000003));
#5553=CARTESIAN_POINT('',(-4.195,6.69999999900002,0.310000000000003));
#5554=CARTESIAN_POINT('',(-4.195,6.6,0.310000000000003));
#5555=CARTESIAN_POINT('',(-4.195,6.6,0.310000000000003));
#5556=CARTESIAN_POINT('',(-3.805,6.6,0.310000000000003));
#5557=CARTESIAN_POINT('',(-3.805,6.6,0.310000000000003));
#5558=CARTESIAN_POINT('',(-3.805,6.6,0.180000000000003));
#5559=CARTESIAN_POINT('',(-3.805,6.6,0.180000000000003));
#5560=CARTESIAN_POINT('',(-3.75,6.69999999900002,0.309999999999966));
#5561=CARTESIAN_POINT('',(-3.805,6.6,0.310000000000003));
#5562=CARTESIAN_POINT('',(-3.805,6.6,0.310000000000003));
#5563=CARTESIAN_POINT('',(0.,6.6,0.));
#5564=CARTESIAN_POINT('',(-4.25,10.749999999,0.0399999999999657));
#5565=CARTESIAN_POINT('',(-4.25,10.849999999,-0.0600000000000343));
#5566=CARTESIAN_POINT('',(-4.25,11.359999999,0.83999999999996));
#5567=CARTESIAN_POINT('',(-4.25,11.359999999,0.539999999999965));
#5568=CARTESIAN_POINT('',(-4.25,11.699999999,0.539999999999966));
#5569=CARTESIAN_POINT('',(-4.25,11.699999999,0.539999999999966));
#5570=CARTESIAN_POINT('',(-4.25,11.699999999,0.0399999999999658));
#5571=CARTESIAN_POINT('',(-4.25,11.699999999,0.0399999999999657));
#5572=CARTESIAN_POINT('',(-4.25,11.599999999,-0.0600000000000342));
#5573=CARTESIAN_POINT('',(-4.25,11.599999999,-0.0600000000000342));
#5574=CARTESIAN_POINT('',(-4.25,10.849999999,-0.0600000000000343));
#5575=CARTESIAN_POINT('',(-4.25,11.359999999,0.83999999999996));
#5576=CARTESIAN_POINT('',(-3.75,10.749999999,0.0399999999999657));
#5577=CARTESIAN_POINT('',(-3.75,10.849999999,-0.0600000000000343));
#5578=CARTESIAN_POINT('',(-3.75,10.849999999,-0.0600000000000343));
#5579=CARTESIAN_POINT('',(-3.75,11.599999999,-0.0600000000000342));
#5580=CARTESIAN_POINT('',(-3.75,11.599999999,-0.0600000000000342));
#5581=CARTESIAN_POINT('',(-3.75,11.699999999,0.0399999999999657));
#5582=CARTESIAN_POINT('',(-3.75,11.699999999,0.0399999999999658));
#5583=CARTESIAN_POINT('',(-3.75,11.699999999,0.539999999999966));
#5584=CARTESIAN_POINT('',(-3.75,11.699999999,0.539999999999966));
#5585=CARTESIAN_POINT('',(-3.75,11.359999999,0.539999999999965));
#5586=CARTESIAN_POINT('',(-3.75,11.359999999,0.83999999999996));
#5587=CARTESIAN_POINT('',(-3.75,11.359999999,0.83999999999996));
#5588=CARTESIAN_POINT('',(-3.75,11.359999999,0.539999999999965));
#5589=CARTESIAN_POINT('',(-3.75,11.699999999,0.539999999999966));
#5590=CARTESIAN_POINT('',(-3.75,11.699999999,0.539999999999966));
#5591=CARTESIAN_POINT('',(-3.75,11.699999999,0.0399999999999657));
#5592=CARTESIAN_POINT('',(-3.75,11.699999999,0.0399999999999658));
#5593=CARTESIAN_POINT('',(-3.75,11.599999999,-0.0600000000000342));
#5594=CARTESIAN_POINT('',(-3.75,11.599999999,-0.0600000000000342));
#5595=CARTESIAN_POINT('',(-3.75,10.849999999,-0.0600000000000343));
#5596=CARTESIAN_POINT('',(-3.75,10.849999999,-0.0600000000000343));
#5597=CARTESIAN_POINT('',(-3.75,10.749999999,0.0399999999999657));
#5598=CARTESIAN_POINT('',(-3.75,11.359999999,0.83999999999996));
#5599=CARTESIAN_POINT('',(-4.2,6.69999999900002,0.310000000000003));
#5600=CARTESIAN_POINT('',(-4.2,6.69999999900002,0.310000000000003));
#5601=CARTESIAN_POINT('',(-3.75,6.69999999900002,0.309999999999966));
#5602=CARTESIAN_POINT('',(-3.8,6.69999999900002,1.42999999999997));
#5603=CARTESIAN_POINT('',(-3.75,6.69999999900002,1.42999999999997));
#5604=CARTESIAN_POINT('',(-4.2,-14.6600000098998,0.310000000000003));
#5605=CARTESIAN_POINT('',(-3.75,6.69999999900002,0.309999999999966));
#5606=CARTESIAN_POINT('',(-3.8,-14.6600000098998,1.42999999999997));
#5607=CARTESIAN_POINT('',(-4.2,-14.6600000098998,0.310000000000003));
#5608=CARTESIAN_POINT('',(-6.195,6.6,0.310000000000003));
#5609=CARTESIAN_POINT('',(-6.195,6.6,0.310000000000003));
#5610=CARTESIAN_POINT('',(-6.195,6.6,0.310000000000003));
#5611=CARTESIAN_POINT('',(-6.195,6.69999999900002,0.310000000000003));
#5612=CARTESIAN_POINT('',(-6.195,6.6,0.310000000000003));
#5613=CARTESIAN_POINT('',(-6.195,6.6,0.310000000000003));
#5614=CARTESIAN_POINT('',(-5.805,6.6,0.310000000000003));
#5615=CARTESIAN_POINT('',(-5.805,6.6,0.310000000000003));
#5616=CARTESIAN_POINT('',(-5.805,6.6,0.180000000000003));
#5617=CARTESIAN_POINT('',(-5.805,6.6,0.180000000000003));
#5618=CARTESIAN_POINT('',(-5.75,6.69999999900002,0.309999999999966));
#5619=CARTESIAN_POINT('',(-5.805,6.6,0.310000000000003));
#5620=CARTESIAN_POINT('',(-5.805,6.6,0.310000000000003));
#5621=CARTESIAN_POINT('',(0.,6.6,0.));
#5622=CARTESIAN_POINT('',(-6.25,10.749999999,0.0399999999999657));
#5623=CARTESIAN_POINT('',(-6.25,10.849999999,-0.0600000000000343));
#5624=CARTESIAN_POINT('',(-6.25,11.359999999,0.83999999999996));
#5625=CARTESIAN_POINT('',(-6.25,11.359999999,0.539999999999965));
#5626=CARTESIAN_POINT('',(-6.25,11.699999999,0.539999999999966));
#5627=CARTESIAN_POINT('',(-6.25,11.699999999,0.539999999999966));
#5628=CARTESIAN_POINT('',(-6.25,11.699999999,0.0399999999999658));
#5629=CARTESIAN_POINT('',(-6.25,11.699999999,0.0399999999999657));
#5630=CARTESIAN_POINT('',(-6.25,11.599999999,-0.0600000000000342));
#5631=CARTESIAN_POINT('',(-6.25,11.599999999,-0.0600000000000342));
#5632=CARTESIAN_POINT('',(-6.25,10.849999999,-0.0600000000000343));
#5633=CARTESIAN_POINT('',(-6.25,11.359999999,0.83999999999996));
#5634=CARTESIAN_POINT('',(-5.75,10.749999999,0.0399999999999657));
#5635=CARTESIAN_POINT('',(-5.75,10.849999999,-0.0600000000000343));
#5636=CARTESIAN_POINT('',(-5.75,10.849999999,-0.0600000000000343));
#5637=CARTESIAN_POINT('',(-5.75,11.599999999,-0.0600000000000342));
#5638=CARTESIAN_POINT('',(-5.75,11.599999999,-0.0600000000000342));
#5639=CARTESIAN_POINT('',(-5.75,11.699999999,0.0399999999999657));
#5640=CARTESIAN_POINT('',(-5.75,11.699999999,0.0399999999999658));
#5641=CARTESIAN_POINT('',(-5.75,11.699999999,0.539999999999966));
#5642=CARTESIAN_POINT('',(-5.75,11.699999999,0.539999999999966));
#5643=CARTESIAN_POINT('',(-5.75,11.359999999,0.539999999999965));
#5644=CARTESIAN_POINT('',(-5.75,11.359999999,0.83999999999996));
#5645=CARTESIAN_POINT('',(-5.75,11.359999999,0.83999999999996));
#5646=CARTESIAN_POINT('',(-5.75,11.359999999,0.539999999999965));
#5647=CARTESIAN_POINT('',(-5.75,11.699999999,0.539999999999966));
#5648=CARTESIAN_POINT('',(-5.75,11.699999999,0.539999999999966));
#5649=CARTESIAN_POINT('',(-5.75,11.699999999,0.0399999999999657));
#5650=CARTESIAN_POINT('',(-5.75,11.699999999,0.0399999999999658));
#5651=CARTESIAN_POINT('',(-5.75,11.599999999,-0.0600000000000342));
#5652=CARTESIAN_POINT('',(-5.75,11.599999999,-0.0600000000000342));
#5653=CARTESIAN_POINT('',(-5.75,10.849999999,-0.0600000000000343));
#5654=CARTESIAN_POINT('',(-5.75,10.849999999,-0.0600000000000343));
#5655=CARTESIAN_POINT('',(-5.75,10.749999999,0.0399999999999657));
#5656=CARTESIAN_POINT('',(-5.75,11.359999999,0.83999999999996));
#5657=CARTESIAN_POINT('',(-6.2,6.69999999900002,0.310000000000003));
#5658=CARTESIAN_POINT('',(-6.2,6.69999999900002,0.310000000000003));
#5659=CARTESIAN_POINT('',(-5.75,6.69999999900002,0.309999999999966));
#5660=CARTESIAN_POINT('',(-5.8,6.69999999900002,1.42999999999997));
#5661=CARTESIAN_POINT('',(-5.75,6.69999999900002,1.42999999999997));
#5662=CARTESIAN_POINT('',(-6.2,-14.6600000098998,0.310000000000003));
#5663=CARTESIAN_POINT('',(-5.75,6.69999999900002,0.309999999999966));
#5664=CARTESIAN_POINT('',(-5.8,-14.6600000098998,1.42999999999997));
#5665=CARTESIAN_POINT('',(-6.2,-14.6600000098998,0.310000000000003));
#5666=CARTESIAN_POINT('',(2.32499999999999,10.6,2.1));
#5667=CARTESIAN_POINT('',(2.32499999999999,8.62999999999999,2.1));
#5668=CARTESIAN_POINT('',(2.32499999999999,6.6,0.27));
#5669=CARTESIAN_POINT('',(2.32499999999999,6.6,0.27));
#5670=CARTESIAN_POINT('',(2.32499999999999,6.6,1.69));
#5671=CARTESIAN_POINT('',(2.32499999999999,6.6,0.340000000000001));
#5672=CARTESIAN_POINT('',(2.32499999999999,6.6,0.340000000000001));
#5673=CARTESIAN_POINT('',(2.32499999999999,4.,0.340000000000001));
#5674=CARTESIAN_POINT('',(2.32499999999999,4.,1.73));
#5675=CARTESIAN_POINT('',(2.32499999999998,4.,1.73));
#5676=CARTESIAN_POINT('',(2.32499999999998,6.6,1.73));
#5677=CARTESIAN_POINT('',(2.32499999999999,5.04999999999999,1.73));
#5678=CARTESIAN_POINT('',(2.32499999999999,5.04999999999999,1.73));
#5679=CARTESIAN_POINT('',(2.32499999999999,5.04999999999999,0.57));
#5680=CARTESIAN_POINT('',(2.32499999999999,6.6,0.57));
#5681=CARTESIAN_POINT('',(2.32499999999999,6.14999999999999,0.57));
#5682=CARTESIAN_POINT('',(2.32499999999999,6.14999999999999,1.73));
#5683=CARTESIAN_POINT('',(2.32499999999998,6.14999999999999,1.73));
#5684=CARTESIAN_POINT('',(2.32499999999998,6.6,1.73));
#5685=CARTESIAN_POINT('',(2.32499999999998,7.3,1.73));
#5686=CARTESIAN_POINT('',(2.32499999999999,7.3,1.73));
#5687=CARTESIAN_POINT('',(2.32499999999999,7.3,1.69));
#5688=CARTESIAN_POINT('',(2.32499999999999,7.69999999999999,1.69));
#5689=CARTESIAN_POINT('',(2.32499999999999,7.69999999999999,1.69));
#5690=CARTESIAN_POINT('',(2.32499999999999,7.69999999999999,2.29));
#5691=CARTESIAN_POINT('',(2.32499999999999,8.62999999999999,2.14));
#5692=CARTESIAN_POINT('',(2.32499999999999,8.62999999999999,2.14));
#5693=CARTESIAN_POINT('',(2.32499999999999,8.62999999999999,2.1));
#5694=CARTESIAN_POINT('',(2.32499999999999,6.6,1.73));
#5695=CARTESIAN_POINT('',(2.57500000000001,10.6,2.1));
#5696=CARTESIAN_POINT('',(2.575,8.62999999999999,2.1));
#5697=CARTESIAN_POINT('',(2.57499999999999,8.62999999999999,2.1));
#5698=CARTESIAN_POINT('',(2.57499999999999,8.62999999999999,2.14));
#5699=CARTESIAN_POINT('',(2.575,8.62999999999999,2.14));
#5700=CARTESIAN_POINT('',(2.575,7.69999999999999,2.29));
#5701=CARTESIAN_POINT('',(2.575,7.69999999999999,1.69));
#5702=CARTESIAN_POINT('',(2.575,7.69999999999999,1.69));
#5703=CARTESIAN_POINT('',(2.575,7.3,1.69));
#5704=CARTESIAN_POINT('',(2.57499999999999,7.3,0.37));
#5705=CARTESIAN_POINT('',(2.57499999999999,7.3,1.73));
#5706=CARTESIAN_POINT('',(2.57499999999999,6.6,1.73));
#5707=CARTESIAN_POINT('',(2.575,6.14999999999999,1.73));
#5708=CARTESIAN_POINT('',(2.575,6.14999999999999,0.57));
#5709=CARTESIAN_POINT('',(2.575,6.14999999999999,0.57));
#5710=CARTESIAN_POINT('',(2.57499999999999,5.04999999999999,0.57));
#5711=CARTESIAN_POINT('',(2.57499999999999,5.04999999999999,0.57));
#5712=CARTESIAN_POINT('',(2.575,5.04999999999999,2.16));
#5713=CARTESIAN_POINT('',(2.575,5.04999999999999,1.73));
#5714=CARTESIAN_POINT('',(2.57499999999999,6.6,1.73));
#5715=CARTESIAN_POINT('',(2.57499999999999,4.,1.73));
#5716=CARTESIAN_POINT('',(2.57499999999999,4.,0.37));
#5717=CARTESIAN_POINT('',(2.57499999999999,4.,0.37));
#5718=CARTESIAN_POINT('',(2.57499999999999,6.6,0.37));
#5719=CARTESIAN_POINT('',(2.57499999999999,6.6,0.37));
#5720=CARTESIAN_POINT('',(2.57499999999999,6.6,1.69));
#5721=CARTESIAN_POINT('',(2.57499999999999,6.6,0.27));
#5722=CARTESIAN_POINT('',(2.57499999999999,6.6,0.27));
#5723=CARTESIAN_POINT('',(2.57499999999999,6.6,0.37));
#5724=CARTESIAN_POINT('',(0.0999999999999998,8.62999999999999,2.14));
#5725=CARTESIAN_POINT('',(0.100000000000011,8.62999999999999,2.14));
#5726=CARTESIAN_POINT('',(0.100000000000009,7.69999999999999,1.69));
#5727=CARTESIAN_POINT('',(0.100000000000009,7.69999999999999,2.29));
#5728=CARTESIAN_POINT('',(2.75499999999999,6.6,0.37));
#5729=CARTESIAN_POINT('',(2.75499999999999,6.6,0.189999999999999));
#5730=CARTESIAN_POINT('',(3.37499999999999,6.6,0.189999999999999));
#5731=CARTESIAN_POINT('',(3.37499999999999,6.6,0.189999999999999));
#5732=CARTESIAN_POINT('',(3.37499999999999,6.6,-0.0600000000000008));
#5733=CARTESIAN_POINT('',(3.37499999999999,6.6,-0.0600000000000008));
#5734=CARTESIAN_POINT('',(2.72499999999998,6.6,-0.0600000000000006));
#5735=CARTESIAN_POINT('',(2.72499999999998,6.6,-0.0599999999999994));
#5736=CARTESIAN_POINT('',(2.72499999999998,6.6,0.340000000000001));
#5737=CARTESIAN_POINT('',(2.33117262664968,6.6,0.27));
#5738=CARTESIAN_POINT('',(0.0999999999999998,6.6,0.27));
#5739=CARTESIAN_POINT('',(2.75499999999999,6.6,0.37));
#5740=CARTESIAN_POINT('',(2.14499999999998,6.6,1.73));
#5741=CARTESIAN_POINT('',(2.75499999999999,4.,0.37));
#5742=CARTESIAN_POINT('',(2.75499999999999,6.6,0.37));
#5743=CARTESIAN_POINT('',(2.14499999999998,4.,1.73));
#5744=CARTESIAN_POINT('',(2.14499999999998,4.,2.16));
#5745=CARTESIAN_POINT('',(2.14499999999999,4.,2.16));
#5746=CARTESIAN_POINT('',(1.47499999999999,4.,2.16));
#5747=CARTESIAN_POINT('',(1.47499999999999,4.,2.16));
#5748=CARTESIAN_POINT('',(1.47499999999999,4.,1.91));
#5749=CARTESIAN_POINT('',(1.47499999999999,4.,1.91));
#5750=CARTESIAN_POINT('',(2.14499999999998,4.,1.91));
#5751=CARTESIAN_POINT('',(2.14499999999998,4.,1.73));
#5752=CARTESIAN_POINT('',(2.72499999999998,4.,0.340000000000001));
#5753=CARTESIAN_POINT('',(2.72499999999998,4.,-0.0599999999999994));
#5754=CARTESIAN_POINT('',(2.72499999999998,4.,-0.0600000000000006));
#5755=CARTESIAN_POINT('',(3.37499999999999,4.,-0.0600000000000008));
#5756=CARTESIAN_POINT('',(3.37499999999999,4.,-0.0600000000000008));
#5757=CARTESIAN_POINT('',(3.37499999999999,4.,0.189999999999999));
#5758=CARTESIAN_POINT('',(3.37499999999999,4.,0.189999999999999));
#5759=CARTESIAN_POINT('',(2.75499999999999,4.,0.189999999999999));
#5760=CARTESIAN_POINT('',(2.75499999999999,4.,0.37));
#5761=CARTESIAN_POINT('',(2.14499999999998,4.,1.73));
#5762=CARTESIAN_POINT('',(2.14499999999998,5.04999999999999,1.73));
#5763=CARTESIAN_POINT('',(2.14499999999998,5.04999999999999,1.91));
#5764=CARTESIAN_POINT('',(2.14499999999998,6.6,1.91));
#5765=CARTESIAN_POINT('',(2.14499999999998,6.6,1.73));
#5766=CARTESIAN_POINT('',(2.14499999999998,5.04999999999999,1.73));
#5767=CARTESIAN_POINT('',(2.14499999999998,5.04999999999999,2.16));
#5768=CARTESIAN_POINT('',(2.14499999999998,6.6,2.16));
#5769=CARTESIAN_POINT('',(2.14499999999998,6.6,1.73));
#5770=CARTESIAN_POINT('',(1.92499999999999,6.14999999999999,2.16));
#5771=CARTESIAN_POINT('',(1.925,6.14999999999999,2.16));
#5772=CARTESIAN_POINT('',(1.925,5.04999999999999,2.16));
#5773=CARTESIAN_POINT('',(1.925,6.14999999999999,2.16));
#5774=CARTESIAN_POINT('',(2.14499999999998,6.14999999999999,2.16));
#5775=CARTESIAN_POINT('',(2.14499999999998,6.6,2.16));
#5776=CARTESIAN_POINT('',(2.14499999999998,7.3,2.16));
#5777=CARTESIAN_POINT('',(2.14499999999998,7.3,2.16));
#5778=CARTESIAN_POINT('',(1.47499999999999,7.3,2.16));
#5779=CARTESIAN_POINT('',(1.47499999999999,6.6,2.16));
#5780=CARTESIAN_POINT('',(1.925,5.04999999999999,2.16));
#5781=CARTESIAN_POINT('',(2.14499999999999,6.6,2.16));
#5782=CARTESIAN_POINT('',(1.47499999999999,7.3,2.16));
#5783=CARTESIAN_POINT('',(1.47499999999999,7.3,1.91));
#5784=CARTESIAN_POINT('',(1.47499999999999,6.6,1.91));
#5785=CARTESIAN_POINT('',(1.47499999999999,6.6,2.16));
#5786=CARTESIAN_POINT('',(1.47499999999999,5.04999999999999,1.91));
#5787=CARTESIAN_POINT('',(1.925,5.04999999999999,1.91));
#5788=CARTESIAN_POINT('',(1.47499999999999,7.3,1.91));
#5789=CARTESIAN_POINT('',(2.14499999999998,7.3,1.91));
#5790=CARTESIAN_POINT('',(2.14499999999998,6.6,1.91));
#5791=CARTESIAN_POINT('',(2.14499999999998,6.14999999999999,1.91));
#5792=CARTESIAN_POINT('',(1.47499999999999,6.14999999999999,1.91));
#5793=CARTESIAN_POINT('',(1.925,6.14999999999999,1.91));
#5794=CARTESIAN_POINT('',(1.925,6.6,1.91));
#5795=CARTESIAN_POINT('',(1.47499999999999,6.6,1.91));
#5796=CARTESIAN_POINT('',(2.14499999999998,6.14999999999999,1.73));
#5797=CARTESIAN_POINT('',(2.14499999999998,7.3,1.73));
#5798=CARTESIAN_POINT('',(2.14499999999998,6.6,1.73));
#5799=CARTESIAN_POINT('',(2.72499999999998,6.6,0.340000000000001));
#5800=CARTESIAN_POINT('',(2.72499999999998,6.6,-0.0599999999999994));
#5801=CARTESIAN_POINT('',(2.72499999999998,6.6,0.340000000000001));
#5802=CARTESIAN_POINT('',(3.37499999999999,6.6,-0.0600000000000008));
#5803=CARTESIAN_POINT('',(2.72499999999998,6.6,-0.0600000000000006));
#5804=CARTESIAN_POINT('',(3.37499999999999,6.6,0.189999999999999));
#5805=CARTESIAN_POINT('',(3.37499999999999,6.6,-0.0600000000000008));
#5806=CARTESIAN_POINT('',(2.75499999999999,6.6,0.189999999999999));
#5807=CARTESIAN_POINT('',(3.37499999999999,6.6,0.189999999999999));
#5808=CARTESIAN_POINT('',(2.75499999999999,6.6,0.37));
#5809=CARTESIAN_POINT('',(2.14499999999998,6.14999999999999,1.73));
#5810=CARTESIAN_POINT('',(2.14499999999998,7.3,1.73));
#5811=CARTESIAN_POINT('',(2.14499999999998,6.6,1.73));
#5812=CARTESIAN_POINT('',(2.14499999999998,7.3,1.69));
#5813=CARTESIAN_POINT('',(2.14499999999998,7.3,1.73));
#5814=CARTESIAN_POINT('',(0.0999999999999998,6.6,0.27));
#5815=CARTESIAN_POINT('',(0.0999999999999998,6.6,0.27));
#5816=CARTESIAN_POINT('',(0.100000000000007,8.62999999999999,2.1));
#5817=CARTESIAN_POINT('',(0.100000000000016,10.6,2.1));
#5818=CARTESIAN_POINT('',(0.0999999999999998,8.62999999999999,2.1));
#5819=CARTESIAN_POINT('',(0.0999999999999998,6.6,1.69));
#5820=CARTESIAN_POINT('',(0.100000000000008,7.69999999999999,1.69));
#5821=CARTESIAN_POINT('',(1.925,5.04999999999999,2.16));
#5822=CARTESIAN_POINT('',(1.92499999999999,5.04999999999999,0.57));
#5823=CARTESIAN_POINT('',(1.925,5.04999999999999,2.16));
#5824=CARTESIAN_POINT('',(1.925,6.14999999999999,0.57));
#5825=CARTESIAN_POINT('',(1.92499999999999,5.04999999999999,0.57));
#5826=CARTESIAN_POINT('',(1.925,6.14999999999999,0.57));
#5827=CARTESIAN_POINT('',(1.925,6.14999999999999,0.57));
#5828=CARTESIAN_POINT('',(1.92499999999998,-7.10645242147311E-15,-7.02344803559787E-16));
#5829=CARTESIAN_POINT('',(-8.57499999999999,6.6,0.27));
#5830=CARTESIAN_POINT('',(-8.57499999999999,6.6,0.27));
#5831=CARTESIAN_POINT('',(-8.32499999999999,6.6,0.27));
#5832=CARTESIAN_POINT('',(-8.32499999999999,6.6,0.27));
#5833=CARTESIAN_POINT('',(-6.10000000000011,6.6,0.27));
#5834=CARTESIAN_POINT('',(-8.33117262664968,6.6,0.27));
#5835=CARTESIAN_POINT('',(-6.10000000000011,6.6,0.27));
#5836=CARTESIAN_POINT('',(-6.10000000000011,6.6,0.27));
#5837=CARTESIAN_POINT('',(-8.32499999999999,10.6,2.1));
#5838=CARTESIAN_POINT('',(-8.32499999999999,8.62999999999999,2.1));
#5839=CARTESIAN_POINT('',(-8.32499999999999,8.62999999999999,2.1));
#5840=CARTESIAN_POINT('',(-8.32499999999999,8.62999999999999,2.14));
#5841=CARTESIAN_POINT('',(-8.32499999999999,8.62999999999999,2.14));
#5842=CARTESIAN_POINT('',(-8.32499999999999,7.69999999999999,2.29));
#5843=CARTESIAN_POINT('',(-8.32499999999999,7.69999999999999,1.69));
#5844=CARTESIAN_POINT('',(-8.32499999999999,7.69999999999999,1.69));
#5845=CARTESIAN_POINT('',(-8.32499999999999,7.3,1.69));
#5846=CARTESIAN_POINT('',(-8.32499999999999,7.3,1.73));
#5847=CARTESIAN_POINT('',(-8.32499999999998,7.3,1.73));
#5848=CARTESIAN_POINT('',(-8.32499999999998,6.6,1.73));
#5849=CARTESIAN_POINT('',(-8.32499999999999,6.14999999999999,1.73));
#5850=CARTESIAN_POINT('',(-8.32499999999999,6.14999999999999,1.73));
#5851=CARTESIAN_POINT('',(-8.32499999999999,6.14999999999999,0.57));
#5852=CARTESIAN_POINT('',(-8.32499999999999,6.6,0.57));
#5853=CARTESIAN_POINT('',(-8.32499999999999,5.04999999999999,0.57));
#5854=CARTESIAN_POINT('',(-8.32499999999999,5.04999999999999,1.73));
#5855=CARTESIAN_POINT('',(-8.32499999999999,5.04999999999999,1.73));
#5856=CARTESIAN_POINT('',(-8.32499999999998,6.6,1.73));
#5857=CARTESIAN_POINT('',(-8.32499999999998,4.,1.73));
#5858=CARTESIAN_POINT('',(-8.32499999999999,4.,1.73));
#5859=CARTESIAN_POINT('',(-8.32499999999999,4.,0.340000000000001));
#5860=CARTESIAN_POINT('',(-8.32499999999999,6.6,0.340000000000001));
#5861=CARTESIAN_POINT('',(-8.32499999999999,6.6,0.340000000000001));
#5862=CARTESIAN_POINT('',(-8.32499999999999,6.6,1.69));
#5863=CARTESIAN_POINT('',(-8.32499999999999,6.6,1.73));
#5864=CARTESIAN_POINT('',(-8.57499999999999,6.6,1.69));
#5865=CARTESIAN_POINT('',(-8.57499999999999,6.6,0.37));
#5866=CARTESIAN_POINT('',(-8.57499999999999,6.6,0.37));
#5867=CARTESIAN_POINT('',(-8.57499999999999,4.,0.37));
#5868=CARTESIAN_POINT('',(-8.57499999999999,4.,0.37));
#5869=CARTESIAN_POINT('',(-8.57499999999999,4.,1.73));
#5870=CARTESIAN_POINT('',(-8.57499999999999,6.6,1.73));
#5871=CARTESIAN_POINT('',(-8.57499999999999,5.04999999999999,1.73));
#5872=CARTESIAN_POINT('',(-8.57499999999999,5.04999999999999,2.16));
#5873=CARTESIAN_POINT('',(-8.57499999999999,5.04999999999999,0.57));
#5874=CARTESIAN_POINT('',(-8.57499999999999,5.04999999999999,0.57));
#5875=CARTESIAN_POINT('',(-8.57499999999999,6.14999999999999,0.57));
#5876=CARTESIAN_POINT('',(-8.57499999999999,6.14999999999999,0.57));
#5877=CARTESIAN_POINT('',(-8.57499999999999,6.14999999999999,1.73));
#5878=CARTESIAN_POINT('',(-8.57499999999999,6.6,1.73));
#5879=CARTESIAN_POINT('',(-8.57499999999999,7.3,1.73));
#5880=CARTESIAN_POINT('',(-8.57499999999999,7.3,0.37));
#5881=CARTESIAN_POINT('',(-8.57499999999999,7.3,1.69));
#5882=CARTESIAN_POINT('',(-8.57499999999998,7.69999999999999,1.69));
#5883=CARTESIAN_POINT('',(-8.57499999999998,7.69999999999999,1.69));
#5884=CARTESIAN_POINT('',(-8.57499999999998,7.69999999999999,2.29));
#5885=CARTESIAN_POINT('',(-8.57499999999998,8.62999999999999,2.14));
#5886=CARTESIAN_POINT('',(-8.57499999999999,8.62999999999999,2.14));
#5887=CARTESIAN_POINT('',(-8.57499999999999,8.62999999999999,2.1));
#5888=CARTESIAN_POINT('',(-8.57499999999999,8.62999999999999,2.1));
#5889=CARTESIAN_POINT('',(-8.57499999999997,10.6,2.1));
#5890=CARTESIAN_POINT('',(-8.57499999999999,6.6,0.37));
#5891=CARTESIAN_POINT('',(-6.10000000000011,8.62999999999999,2.14));
#5892=CARTESIAN_POINT('',(-6.1000000000001,8.62999999999999,2.14));
#5893=CARTESIAN_POINT('',(-6.1000000000001,7.69999999999999,1.69));
#5894=CARTESIAN_POINT('',(-6.1000000000001,7.69999999999999,2.29));
#5895=CARTESIAN_POINT('',(-8.75499999999999,6.6,0.369999999999999));
#5896=CARTESIAN_POINT('',(-8.72499999999998,6.6,0.340000000000001));
#5897=CARTESIAN_POINT('',(-8.72499999999998,6.6,-0.0599999999999994));
#5898=CARTESIAN_POINT('',(-8.72499999999998,6.6,-0.0600000000000006));
#5899=CARTESIAN_POINT('',(-9.37499999999999,6.6,-0.0600000000000008));
#5900=CARTESIAN_POINT('',(-9.37499999999999,6.6,-0.0600000000000008));
#5901=CARTESIAN_POINT('',(-9.37499999999999,6.6,0.189999999999999));
#5902=CARTESIAN_POINT('',(-9.37499999999999,6.6,0.189999999999999));
#5903=CARTESIAN_POINT('',(-8.75499999999999,6.6,0.189999999999999));
#5904=CARTESIAN_POINT('',(-8.75499999999999,6.6,0.369999999999999));
#5905=CARTESIAN_POINT('',(-8.14499999999998,6.6,1.73));
#5906=CARTESIAN_POINT('',(-8.75499999999999,4.,0.369999999999999));
#5907=CARTESIAN_POINT('',(-8.75499999999999,6.6,0.369999999999999));
#5908=CARTESIAN_POINT('',(-8.75499999999999,4.,0.369999999999999));
#5909=CARTESIAN_POINT('',(-8.75499999999999,4.,0.189999999999999));
#5910=CARTESIAN_POINT('',(-9.37499999999999,4.,0.189999999999999));
#5911=CARTESIAN_POINT('',(-9.37499999999999,4.,0.189999999999999));
#5912=CARTESIAN_POINT('',(-9.37499999999999,4.,-0.0600000000000008));
#5913=CARTESIAN_POINT('',(-9.37499999999999,4.,-0.0600000000000008));
#5914=CARTESIAN_POINT('',(-8.72499999999998,4.,-0.0600000000000006));
#5915=CARTESIAN_POINT('',(-8.72499999999998,4.,-0.0599999999999994));
#5916=CARTESIAN_POINT('',(-8.72499999999998,4.,0.340000000000001));
#5917=CARTESIAN_POINT('',(-8.14499999999998,4.,1.73));
#5918=CARTESIAN_POINT('',(-8.14499999999998,4.,1.91));
#5919=CARTESIAN_POINT('',(-7.47499999999999,4.,1.91));
#5920=CARTESIAN_POINT('',(-7.47499999999999,4.,1.91));
#5921=CARTESIAN_POINT('',(-7.47499999999999,4.,2.16));
#5922=CARTESIAN_POINT('',(-7.47499999999999,4.,2.16));
#5923=CARTESIAN_POINT('',(-8.14499999999999,4.,2.16));
#5924=CARTESIAN_POINT('',(-8.14499999999998,4.,2.16));
#5925=CARTESIAN_POINT('',(-8.14499999999998,4.,1.73));
#5926=CARTESIAN_POINT('',(-8.14499999999998,4.,1.73));
#5927=CARTESIAN_POINT('',(-7.47499999999999,5.04999999999999,1.91));
#5928=CARTESIAN_POINT('',(-8.14499999999998,5.04999999999999,1.91));
#5929=CARTESIAN_POINT('',(-7.92499999999999,5.04999999999999,1.91));
#5930=CARTESIAN_POINT('',(-7.92499999999999,6.6,1.91));
#5931=CARTESIAN_POINT('',(-7.92499999999999,6.14999999999999,1.91));
#5932=CARTESIAN_POINT('',(-7.47499999999999,6.14999999999999,1.91));
#5933=CARTESIAN_POINT('',(-8.14499999999998,6.14999999999999,1.91));
#5934=CARTESIAN_POINT('',(-8.14499999999998,6.6,1.91));
#5935=CARTESIAN_POINT('',(-8.14499999999998,7.3,1.91));
#5936=CARTESIAN_POINT('',(-7.47499999999999,7.3,1.91));
#5937=CARTESIAN_POINT('',(-7.47499999999999,7.3,1.91));
#5938=CARTESIAN_POINT('',(-7.47499999999999,6.6,1.91));
#5939=CARTESIAN_POINT('',(-8.14499999999998,6.6,1.91));
#5940=CARTESIAN_POINT('',(-7.47499999999999,6.6,1.91));
#5941=CARTESIAN_POINT('',(-8.14499999999998,5.04999999999999,1.73));
#5942=CARTESIAN_POINT('',(-8.14499999999998,6.6,1.73));
#5943=CARTESIAN_POINT('',(-8.14499999999998,6.14999999999999,1.73));
#5944=CARTESIAN_POINT('',(-8.14499999999998,7.3,1.73));
#5945=CARTESIAN_POINT('',(-8.14499999999998,6.6,1.73));
#5946=CARTESIAN_POINT('',(-8.14499999999998,5.04999999999999,1.73));
#5947=CARTESIAN_POINT('',(-8.14499999999998,5.04999999999999,2.16));
#5948=CARTESIAN_POINT('',(-8.14499999999998,6.6,2.16));
#5949=CARTESIAN_POINT('',(-8.14499999999998,6.6,1.73));
#5950=CARTESIAN_POINT('',(-8.14499999999998,6.14999999999999,1.73));
#5951=CARTESIAN_POINT('',(-8.14499999999998,6.14999999999999,2.16));
#5952=CARTESIAN_POINT('',(-8.14499999999998,6.6,2.16));
#5953=CARTESIAN_POINT('',(-8.14499999999998,7.3,2.16));
#5954=CARTESIAN_POINT('',(-8.14499999999998,7.3,1.73));
#5955=CARTESIAN_POINT('',(-8.14499999999998,6.6,1.73));
#5956=CARTESIAN_POINT('',(-8.14499999999998,7.3,1.69));
#5957=CARTESIAN_POINT('',(-8.14499999999998,7.3,2.16));
#5958=CARTESIAN_POINT('',(-7.47499999999999,7.3,2.16));
#5959=CARTESIAN_POINT('',(-7.47499999999999,7.3,2.16));
#5960=CARTESIAN_POINT('',(-8.14499999999998,7.3,1.73));
#5961=CARTESIAN_POINT('',(-7.47499999999999,6.6,2.16));
#5962=CARTESIAN_POINT('',(-7.47499999999999,6.6,2.16));
#5963=CARTESIAN_POINT('',(-8.72499999999998,6.6,-0.0599999999999994));
#5964=CARTESIAN_POINT('',(-8.72499999999998,6.6,0.340000000000001));
#5965=CARTESIAN_POINT('',(-8.72499999999998,6.6,0.340000000000001));
#5966=CARTESIAN_POINT('',(-9.37499999999999,6.6,-0.0600000000000008));
#5967=CARTESIAN_POINT('',(-8.72499999999998,6.6,-0.0600000000000006));
#5968=CARTESIAN_POINT('',(-9.37499999999999,6.6,0.189999999999999));
#5969=CARTESIAN_POINT('',(-9.37499999999999,6.6,-0.0600000000000008));
#5970=CARTESIAN_POINT('',(-8.75499999999999,6.6,0.189999999999999));
#5971=CARTESIAN_POINT('',(-9.37499999999999,6.6,0.189999999999999));
#5972=CARTESIAN_POINT('',(-8.75499999999999,6.6,0.369999999999999));
#5973=CARTESIAN_POINT('',(-7.92499999999999,6.14999999999999,2.16));
#5974=CARTESIAN_POINT('',(-7.92499999999999,6.14999999999999,2.16));
#5975=CARTESIAN_POINT('',(-7.92499999999999,5.04999999999999,2.16));
#5976=CARTESIAN_POINT('',(-7.92499999999999,5.04999999999999,2.16));
#5977=CARTESIAN_POINT('',(-7.92499999999999,6.14999999999999,2.16));
#5978=CARTESIAN_POINT('',(-8.14499999999999,6.6,2.16));
#5979=CARTESIAN_POINT('',(-6.10000000000011,6.6,1.69));
#5980=CARTESIAN_POINT('',(-6.1000000000001,7.69999999999999,1.69));
#5981=CARTESIAN_POINT('',(-6.1000000000001,8.62999999999999,2.1));
#5982=CARTESIAN_POINT('',(-6.10000000000009,10.6,2.1));
#5983=CARTESIAN_POINT('',(-6.10000000000011,8.62999999999999,2.1));
#5984=CARTESIAN_POINT('',(-7.92499999999999,6.14999999999999,0.57));
#5985=CARTESIAN_POINT('',(-7.92499999999999,5.04999999999999,0.57));
#5986=CARTESIAN_POINT('',(-7.92499999999999,5.04999999999999,0.57));
#5987=CARTESIAN_POINT('',(-7.92499999999999,5.04999999999999,2.16));
#5988=CARTESIAN_POINT('',(-7.92499999999999,5.04999999999999,2.16));
#5989=CARTESIAN_POINT('',(-7.92499999999999,6.14999999999999,0.57));
#5990=CARTESIAN_POINT('',(-7.92499999999999,6.14999999999999,0.57));
#5991=CARTESIAN_POINT('',(-7.92500000000001,2.70459160118202E-14,0.));
#5992=CARTESIAN_POINT('',(-6.,6.45,2.49));
#5993=CARTESIAN_POINT('',(-6.,6.45,2.49));
#5994=CARTESIAN_POINT('',(-6.25,6.95,2.49));
#5995=CARTESIAN_POINT('',(-6.25,6.95,2.49));
#5996=CARTESIAN_POINT('',(-6.25,6.95,2.49));
#5997=CARTESIAN_POINT('',(-6.25,6.95,2.49));
#5998=CARTESIAN_POINT('',(-5.75,6.95,2.49));
#5999=CARTESIAN_POINT('',(-5.75,6.95,2.49));
#6000=CARTESIAN_POINT('',(-6.,6.45,2.49));
#6001=CARTESIAN_POINT('',(-6.,6.45,2.49));
#6002=CARTESIAN_POINT('',(-5.75,6.95,2.49));
#6003=CARTESIAN_POINT('',(-5.75,6.95,2.49));
#6004=CARTESIAN_POINT('',(0.,0.,2.49));
#6005=MECHANICAL_DESIGN_GEOMETRIC_PRESENTATION_REPRESENTATION('',(#24),
#6006);
#6006=(
GEOMETRIC_REPRESENTATION_CONTEXT(3)
GLOBAL_UNCERTAINTY_ASSIGNED_CONTEXT((#6007))
GLOBAL_UNIT_ASSIGNED_CONTEXT((#6013,#6009,#6008))
REPRESENTATION_CONTEXT('2053380004wbm000_01_214',
'TOP_LEVEL_ASSEMBLY_PART')
);
#6007=UNCERTAINTY_MEASURE_WITH_UNIT(LENGTH_MEASURE(2.E-5),#6013,
'DISTANCE_ACCURACY_VALUE','Maximum Tolerance applied to model');
#6008=(
NAMED_UNIT(*)
SI_UNIT($,.STERADIAN.)
SOLID_ANGLE_UNIT()
);
#6009=(
CONVERSION_BASED_UNIT('DEGREE',#6011)
NAMED_UNIT(#6010)
PLANE_ANGLE_UNIT()
);
#6010=DIMENSIONAL_EXPONENTS(0.,0.,0.,0.,0.,0.,0.);
#6011=PLANE_ANGLE_MEASURE_WITH_UNIT(PLANE_ANGLE_MEASURE(0.0174532925),#6012);
#6012=(
NAMED_UNIT(*)
PLANE_ANGLE_UNIT()
SI_UNIT($,.RADIAN.)
);
#6013=(
LENGTH_UNIT()
NAMED_UNIT(*)
SI_UNIT(.MILLI.,.METRE.)
);
ENDSEC;
END-ISO-10303-21;
